iteration,time_ps,temperature_K,pressure_GPa,mag_x_Bohr,mag_y_Bohr,mag_z_Bohr,mag_total_Bohr,abs_mag_total_Bohr,scf_iterations,energy_Ry,constraint_energy_Ry,scf_accuracy_Ry,force_correction_Ry_Bohr,total_force_Ry_Bohr,force_warning,fit_rmse_eV_A,fit_condition,fit_rank,imaginary_path_percent
1,0.0,4000.0,429.104,0.06,-0.0,0.07,0.09219544457292887,57.27,12,-10523.78029764,0.54531268,9.557e-05,0.043684,2.515331,False,4.016764478182693,7.160729369311738,2,0.0
2,0.0009999667806108177,3843.91962297,428.84700000000004,0.08,0.01,0.05,0.09486832980505139,57.25,38,-10523.77636475,0.54688276,6.794e-05,0.034795,2.517298,False,4.055444902028614,7.1175661121528515,2,0.0
3,0.0019999335612216353,3817.90888592,427.842,0.09,0.0,0.03,0.09486832980505137,57.28,29,-10523.81445359,0.55078145,6.043e-05,0.046892,2.499808,False,4.053998112099772,7.023914248053618,2,0.0
4,0.0029999003418324528,3597.10232855,426.821,0.1,-0.02,0.02,0.10392304845413264,57.3,115,-10523.87500175,0.5509891,9.585e-05,0.028843,2.460749,False,4.023242118606589,6.897395197659174,2,7.198228128460686
5,0.003999867122443271,4319.23755469,424.558,0.1,-0.02,0.0,0.10198039027185571,57.38,102,-10523.97778894,0.54588013,8.391e-05,0.026945,2.396764,False,3.9354375603532783,6.73454226085085,2,7.862679955703211
6,0.0049998339030540885,5465.499692,421.76599999999996,0.1,-0.03,-0.02,0.1063014581273465,57.47,37,-10524.11168607,0.54017005,8.607e-05,0.060767,2.308187,False,3.7930039252709324,6.537645898545416,2,8.416389811738648
7,0.0059998006836649055,5259.72167227,420.14,0.09,-0.07,-0.04,0.12083045973594572,57.58,779,-10524.24491524,0.53262367,9.716e-05,0.024357,2.231911,False,3.652903008893289,6.345689072817968,2,14.06423034330011
8,0.006999767464275723,5205.50966898,417.41700000000003,0.07,-0.09,-0.05,0.12449899597988733,57.66,152,-10524.39448625,0.52729133,9.974e-05,0.021724,2.122128,False,3.4081868748599455,6.167765402645313,2,17.16500553709856
9,0.007999734244886541,5083.31433137,414.87,0.06,-0.11,-0.07,0.14352700094407325,57.72,154,-10524.54122999,0.52438411,9.819e-05,0.025488,2.022096,False,3.1812958641590843,6.012162999040777,2,18.715393133997786
10,0.008999701025497358,6032.33647455,411.70799999999997,0.04,-0.14,-0.08,0.1661324772583615,57.81,63,-10524.69441037,0.51929465,7.778e-05,0.060347,1.913034,False,2.914876698251048,5.866508276798911,2,19.712070874861574
11,0.009999667806108177,6640.58344213,408.82399999999996,0.01,-0.18,-0.1,0.20615528128088303,57.87,43,-10524.84612628,0.51590309,6.091e-05,0.050159,1.808542,False,2.642450252562132,5.738252527875243,2,20.155038759689923
12,0.010999634586718994,6797.06995593,406.86,-0.03,-0.21,-0.1,0.23452078799117146,57.94,262,-10524.98792503,0.51138544,7.618e-05,0.016641,1.730451,False,2.421346685618249,5.631586288051217,2,20.376522702104097
13,0.011999601367329811,6306.48965177,404.46999999999997,-0.07,-0.23,-0.11,0.2643860813280457,57.95,74,-10525.10755776,0.51162962,6.084e-05,0.017064,1.671535,False,2.2500653535937114,5.547489467235746,2,20.376522702104097
14,0.01299956814794063,6728.58799452,402.637,-0.1,-0.32,-0.12,0.3560898762952971,58.0,51,-10525.2162468,0.50793313,9.839e-05,0.045949,1.629766,False,2.11244403397865,5.4739728136684676,2,20.044296788482836
15,0.013999534928551447,6237.98074036,400.823,-0.15,-0.32,-0.12,0.37322915213043045,58.02,638,-10525.31854902,0.50729288,8.836e-05,0.019992,1.593252,False,2.0142625875224756,5.4093785365220075,2,19.379844961240313
16,0.014999501709162266,5967.65706151,398.67600000000004,-0.19,-0.34,-0.12,0.40755367744629667,58.02,37,-10525.40836641,0.50796439,7.988e-05,0.040876,1.574328,False,1.9485555129693506,5.34531563132453,2,18.715393133997786
17,0.015999468489773083,5846.61592214,397.673,-0.22,-0.36,-0.13,0.4414748010928823,58.02,61,-10525.4860049,0.50855852,9.432e-05,0.044618,1.556404,False,1.9009235704419762,5.274186301903297,2,17.940199335548172
18,0.0169994352703839,6467.82752571,396.54200000000003,-0.26,-0.33,-0.13,0.43977266854592045,58.01,68,-10525.56280708,0.50959009,4.915e-05,0.02459,1.5483,False,1.8582944049806955,5.185563667027904,2,16.72203765227021
19,0.017999402050994717,6027.56695562,395.288,-0.28,-0.33,-0.13,0.45188494110780014,58.03,33,-10525.63147159,0.50828192,8.517e-05,0.056188,1.546622,False,1.8264222110600026,5.081819037148759,2,15.614617940199334
20,0.018999368831605537,5701.98900062,394.342,-0.29,-0.3,-0.13,0.43703546766824314,58.01,55,-10525.69487678,0.51014667,6.255e-05,0.028646,1.541172,False,1.794610336384493,4.960557356436936,2,14.06423034330011
21,0.019999335612216354,5185.7162713,393.637,-0.3,-0.24,-0.13,0.40558599581346494,58.01,504,-10525.75376404,0.50977596,9.434e-05,0.025266,1.538904,False,1.7660848646575118,4.824611351271773,2,12.513842746400886
22,0.02099930239282717,5507.5122416,392.96799999999996,-0.3,-0.2,-0.13,0.383275357934736,58.01,461,-10525.81234837,0.51062226,9.9e-05,0.024434,1.536045,False,1.7501114747810347,4.666306538609876,2,10.188261351052049
23,0.021999269173437988,5424.64991678,391.924,-0.29,-0.2,-0.14,0.3790778284204973,57.94,222,-10525.87600798,0.51605028,9.059e-05,0.052611,1.527216,False,1.7272326853108035,4.494456900460795,2,8.527131782945736
24,0.022999235954048805,5434.48904356,390.674,-0.27,-0.19,-0.14,0.3586084215408222,57.94,82,-10525.93302275,0.51602442,9.58e-05,0.034274,1.531933,False,1.7003605194401887,4.312626863822658,2,8.416389811738648
25,0.023999202734659622,5465.41523356,389.81100000000004,-0.24,-0.14,-0.16,0.32062439083762795,57.93,44,-10525.98824928,0.51742393,5.215e-05,0.023153,1.535897,False,1.722116453459083,4.1255890302452825,2,8.416389811738648
26,0.024999169515270443,5367.79460611,388.704,-0.21,-0.14,-0.17,0.3043024810940588,57.93,38,-10526.04331143,0.5182201,6.765e-05,0.024317,1.538114,False,1.7407541411252043,3.9408046467655327,2,8.416389811738648
27,0.02599913629588126,5241.23276945,388.365,-0.18,-0.08,-0.17,0.2601922366251538,57.93,92,-10526.09803649,0.51899056,9.525e-05,0.031088,1.536205,False,1.7691479757240933,3.7634131055178823,2,8.305647840531561
28,0.026999103076492077,4697.07619361,386.856,-0.15,-0.09,-0.19,0.25826343140289915,57.92,123,-10526.15261162,0.52121125,8.531e-05,0.034696,1.534719,False,1.7918186558631133,3.6035854105302985,2,8.305647840531561
29,0.027999069857102894,4343.43213268,386.25,-0.12,-0.04,-0.19,0.22825424421026655,57.95,41,-10526.20950881,0.51889199,9.021e-05,0.039742,1.525898,False,1.8095628365546805,3.4605174536310006,2,8.305647840531561
30,0.02899903663771371,5082.81478577,384.762,-0.08,-0.07,-0.21,0.23537204591879637,57.93,228,-10526.26954979,0.521705,9.501e-05,0.066001,1.50665,False,1.8218692904388636,3.322316129486207,2,8.194905869324474
31,0.02999900341832453,4398.18849735,383.799,-0.05,-0.04,-0.21,0.21954498400100148,57.92,31,-10526.327516,0.52226428,6.416e-05,0.045006,1.48951,False,1.8226328432071097,3.211970164686115,2,8.194905869324474
32,0.030998970198935348,4986.19106122,382.60900000000004,-0.02,-0.04,-0.21,0.21470910553583888,57.94,27,-10526.38932975,0.52154205,6.225e-05,0.048586,1.462936,False,1.8200411695634595,3.1170368064532568,2,8.084163898117387
33,0.031998936979546165,4917.11975301,382.767,0.01,-0.02,-0.21,0.21118712081942875,57.96,41,-10526.4517823,0.52006898,9.161e-05,0.040613,1.433801,False,1.8156684409075252,3.048135700625159,2,8.084163898117387
34,0.03299890376015698,4602.8671582,381.07,0.04,-0.01,-0.21,0.21400934559032694,57.96,70,-10526.50904251,0.52070143,9.323e-05,0.023056,1.402952,False,1.8086027279663521,3.0073538055459856,2,7.973421926910299
35,0.0339988705407678,4960.18085517,379.8,0.06,0.03,-0.21,0.220454076850486,57.96,773,-10526.56100489,0.52276366,5.369e-05,0.017441,1.372179,False,1.8014575463547593,2.992664247893211,2,7.862679955703211
36,0.034998837321378616,4994.6485406,378.96799999999996,0.09,0.03,-0.2,0.22135943621178658,57.96,70,-10526.60891149,0.52300988,8.915e-05,0.02598,1.336758,False,1.7992567398553438,3.005345220653658,2,7.751937984496124
37,0.03599880410198943,4579.69305383,377.781,0.1,0.07,-0.19,0.2258317958127243,57.97,31,-10526.65194974,0.52311556,8.218e-05,0.064306,1.314422,False,1.7939386859940232,3.041344027158014,2,7.751937984496124
38,0.03699877088260025,4701.57344184,377.45799999999997,0.12,0.1,-0.18,0.23832750575625972,57.96,37,-10526.68734476,0.52460266,9.251e-05,0.04316,1.301322,False,1.7963059352934991,3.0975347643720266,2,7.641196013289036
39,0.037998737663211074,4676.21838082,377.49,0.13,0.12,-0.17,0.24535688292770594,57.97,55,-10526.71501232,0.52389296,9.332e-05,0.034268,1.276061,False,1.758131629074667,3.1672986545572175,2,7.530454042081949
40,0.03899870444382189,4581.64894125,376.402,0.15,0.16,-0.17,0.2774887385102322,57.93,34,-10526.73788379,0.52717718,6.492e-05,0.0447,1.268046,False,1.7476627990109388,3.2424763608088956,2,7.419712070874862
41,0.03999867122443271,4458.83883041,376.377,0.16,0.19,-0.15,0.29017236257093815,57.92,26,-10526.75011048,0.52826208,7.835e-05,0.067733,1.260893,False,1.7232158512244058,3.315166352152219,2,7.308970099667775
42,0.040998638005043525,4011.38585245,376.467,0.17,0.23,-0.14,0.31843366656181316,57.92,22,-10526.76111547,0.52829383,4.426e-05,0.048091,1.262378,False,1.7010611026738196,3.377476351814762,2,7.308970099667775
43,0.04199860478565434,3806.3986887,376.198,0.18,0.26,-0.12,0.33823069050575527,57.88,25,-10526.76433355,0.5312894,5.45e-05,0.054074,1.268038,False,1.6840341582093532,3.4284368392180258,2,7.198228128460686
44,0.04299857156626516,3436.69565528,376.147,0.18,0.31,-0.11,0.3749666651850535,57.87,30,-10526.76731107,0.53188994,9.981e-05,0.073493,1.277636,False,1.6684968039870796,3.4667996402056374,2,7.087486157253599
45,0.043998538346875976,3190.99775633,376.588,0.18,0.35,-0.09,0.403732584763727,57.83,66,-10526.76303938,0.53508334,7.756e-05,0.032138,1.289389,False,1.6572807253781738,3.494820518533101,2,7.087486157253599
46,0.04499850512748679,2673.71812699,376.85,0.18,0.37,-0.07,0.4173727350941841,57.84,28,-10526.76640654,0.53460495,4.863e-05,0.056124,1.299005,False,1.6439369259979035,3.514943772106819,2,6.976744186046512
47,0.04599847190809761,2927.70689195,376.68,0.18,0.4,-0.05,0.44147480109288234,57.81,28,-10526.76845033,0.53621421,7.419e-05,0.067677,1.304626,False,1.6265532861691878,3.5307024979771957,2,6.976744186046512
48,0.04699843868870843,3312.77634176,377.307,0.17,0.41,-0.03,0.4448595283907045,57.79,41,-10526.77148587,0.53773148,8.784e-05,0.052038,1.309082,False,1.6058278506185604,3.5409058625128558,2,6.866002214839424
49,0.047998405469319244,3154.6004919,376.761,0.16,0.45,0.0,0.47759815745038214,57.77,106,-10526.77600441,0.53935345,9.948e-05,0.054409,1.318078,False,1.5991186352839557,3.545875131816865,2,6.866002214839424
50,0.04899837224993007,3068.25892855,376.918,0.14,0.46,0.03,0.4817675788178362,57.72,62,-10526.77639142,0.54324828,7.748e-05,0.037156,1.323575,False,1.5833068577703784,3.5480151178663992,2,6.755260243632337
51,0.049998339030540885,3841.06462846,377.443,0.12,0.48,0.05,0.49729267036625424,57.69,53,-10526.77979682,0.54584902,8.722e-05,0.034403,1.327282,False,1.5711514077912008,3.546324396320564,2,6.755260243632337
52,0.0509983058111517,3496.02388297,377.4,0.1,0.54,0.07,0.5536244214266564,57.64,68,-10526.78497358,0.55047371,9.725e-05,0.033748,1.329862,False,1.5601531757651195,3.54278752865732,2,6.755260243632337
53,0.05199827259176252,3762.29861007,377.95,0.07,0.54,0.09,0.5519057890618652,57.6,42,-10526.78486586,0.55284108,9.254e-05,0.029729,1.339127,False,1.5566499355760806,3.538438100011967,2,6.755260243632337
54,0.052998239372373336,3882.71512846,378.479,0.05,0.54,0.11,0.5533534132902769,57.54,31,-10526.78355946,0.55721571,8.197e-05,0.061765,1.3476,False,1.5519630454809714,3.534480512668198,2,6.64451827242525
55,0.05399820615298415,4107.70128745,378.33000000000004,0.02,0.5,0.13,0.5170106381884226,57.5,63,-10526.78731872,0.56010241,9.984e-05,0.056344,1.362327,False,1.5633851675646353,3.531794600698209,2,6.64451827242525
56,0.05499817293359497,4004.75287174,378.79699999999997,-0.01,0.49,0.14,0.5097057974949863,57.45,134,-10526.78632662,0.56434225,9.827e-05,0.044604,1.375506,False,1.5773132186009509,3.532278621095389,2,6.64451827242525
57,0.05599813971420579,3600.60551924,379.20500000000004,-0.04,0.47,0.15,0.49497474683058323,57.38,70,-10526.78086918,0.56955174,8.304e-05,0.041353,1.390511,False,1.5962231988844389,3.538466215127835,2,6.64451827242525
58,0.056998106494816604,3330.58915871,378.736,-0.06,0.47,0.15,0.49699094559156703,57.32,25,-10526.78277672,0.57460809,8.398e-05,0.056272,1.406477,False,1.6162066785489435,3.552380947521232,2,6.755260243632337
59,0.05799807327542742,3313.4905691,379.063,-0.09,0.46,0.15,0.4921381919745713,57.26,23,-10526.78481754,0.57911326,7.541e-05,0.069565,1.421333,False,1.6390754488131483,3.575640963614332,2,0.0
60,0.058998040056038245,2919.84296343,379.66700000000003,-0.11,0.42,0.15,0.459347363114234,57.21,61,-10526.792767,0.58321986,6.963e-05,0.02344,1.423474,False,1.64803973031098,3.608822205319951,2,0.0
61,0.05999800683664906,3245.91327789,379.18899999999996,-0.13,0.41,0.15,0.4555216789572149,57.17,31,-10526.81028475,0.58646155,6.535e-05,0.057495,1.424863,False,1.6551146775509025,3.655470302971996,2,0.0
62,0.06099797361725988,3225.19448816,378.979,-0.15,0.37,0.15,0.4264973622427224,57.13,40,-10526.83082144,0.59006167,6.292e-05,0.025394,1.419084,False,1.660565538772439,3.7139504555165375,2,0.0
63,0.061997940397870696,3175.98279665,374.044,-0.11,0.3,0.16,0.35735136770411274,55.75,40,-10526.97632643,0.48617383,3.577e-05,0.017087,1.404184,False,1.6630012950327102,3.784259189527753,2,0.0
64,0.06299790717848151,3671.90013428,374.023,-0.12,0.25,0.16,0.32015621187164245,55.73,31,-10527.00488898,0.48834623,7.332e-05,0.051499,1.384745,False,1.6615566102237516,3.8703888291930366,2,0.0
65,0.06399787395909233,3800.76932061,373.65700000000004,-0.14,0.22,0.15,0.30083217912982646,55.71,872,-10527.03175712,0.49090172,6.197e-05,0.014347,1.356647,False,1.6554782414772706,3.9663477893948103,2,0.0
66,0.06499784073970315,3544.74583635,373.111,-0.14,0.2,0.15,0.2865309756378881,55.67,39,-10527.06351184,0.49641917,8.63e-05,0.031972,1.325543,False,1.650657840624506,4.065845034135951,2,0.0
67,0.06599780752031396,3795.41034199,372.346,-0.16,0.17,0.16,0.2830194339616981,55.65,203,-10527.09340641,0.49936582,9.899e-05,0.048186,1.289298,False,1.6413654599101932,4.171988982388039,2,0.0
68,0.06699777430092478,3775.1728146,372.306,-0.17,0.19,0.16,0.3009983388658482,55.62,79,-10527.1218319,0.50299377,6.885e-05,0.035276,1.253124,False,1.6397339298010383,4.276848079092232,2,0.0
69,0.0679977410815356,3446.80960338,371.925,-0.18,0.15,0.16,0.28372521918222215,55.6,41,-10527.14517746,0.50648837,8.603e-05,0.038138,1.217652,False,1.6356601567943823,4.373491044486703,2,0.0
70,0.06899770786214642,3426.47649486,371.543,-0.18,0.12,0.17,0.2751363298439521,55.61,308,-10527.17085035,0.50690119,9.756e-05,0.040471,1.183332,False,1.6259183913699056,4.462667683627035,2,0.0
71,0.06999767464275723,3717.17670677,371.433,-0.19,0.11,0.17,0.2776688675382964,55.6,195,-10527.18944533,0.50924174,9.549e-05,0.031735,1.147989,False,1.6192152910409356,4.542102022188451,2,0.0
72,0.07099764142336805,3453.84358277,371.528,-0.19,0.1,0.18,0.28017851452243797,55.61,47,-10527.20307796,0.51041594,5.576e-05,0.031613,1.120166,False,1.6129037524528695,4.602500931711698,2,0.0
73,0.07199760820397887,3286.56768891,371.049,-0.19,0.09,0.18,0.27676705006196095,55.59,134,-10527.21041882,0.51288196,8.543e-05,0.036918,1.10113,False,1.6118624269134956,4.64454269472112,2,0.0
74,0.07299757498458968,3651.89442274,371.425,-0.19,0.07,0.18,0.2709243436828813,55.6,67,-10527.21420787,0.514463,8.125e-05,0.019605,1.092248,False,1.6286329080603668,4.667951312358166,2,0.0
75,0.0739975417652005,3717.78278717,371.433,-0.19,0.1,0.19,0.286705423736629,55.62,60,-10527.21617501,0.51405105,9.565e-05,0.04516,1.095876,False,1.6589711731717707,4.669293465363196,2,0.0
76,0.07499750854581133,3795.39329367,372.011,-0.18,0.08,0.19,0.27367864366808015,55.64,67,-10527.20311626,0.51459564,9.638e-05,0.046978,1.109199,False,1.7040882524484935,4.6494960084147765,2,0.0
77,0.07599747532642215,4123.40767753,372.619,-0.17,0.06,0.19,0.2619160170741759,55.65,52,-10527.18297805,0.51607953,7.856e-05,0.054568,1.14024,False,1.7741420291564434,4.608659223558026,2,0.0
78,0.07699744210703297,4312.02089222,373.34000000000003,-0.16,0.05,0.18,0.24596747752497686,55.67,46,-10527.15346972,0.51612294,7.361e-05,0.051316,1.18541,False,1.8653969815380615,4.549824428011962,2,0.0
79,0.07799740888764378,3987.20663859,373.835,-0.14,0.01,0.17,0.22045407685048604,55.66,76,-10527.12214816,0.51766757,5.535e-05,0.03256,1.235566,False,1.9606648052390045,4.483181835182095,2,0.0
80,0.0789973756682546,4279.384611,375.08000000000004,-0.12,-0.01,0.16,0.20024984394500786,55.69,25,-10527.07692048,0.51762749,9.1e-05,0.07233,1.298373,False,2.080261838078278,4.4084315841493975,2,0.0
81,0.07999734244886542,4593.82006716,376.081,-0.11,-0.03,0.15,0.18841443681416772,55.68,33,-10527.02755248,0.51991715,6.457e-05,0.049083,1.362659,False,2.205610281637271,4.3287588815107325,2,0.0
82,0.08099730922947623,4473.09313898,377.191,-0.1,-0.05,0.13,0.17146428199482247,55.7,52,-10526.97713622,0.52160937,9.668e-05,0.033393,1.432032,False,2.329860431196609,4.252271729151669,2,0.0
83,0.08199727601008705,3966.31431749,378.13800000000003,-0.08,-0.08,0.12,0.16492422502470644,55.7,84,-10526.92802489,0.52410116,7.792e-05,0.028576,1.494433,False,2.423113774402124,4.186845573787981,2,0.0
84,0.08299724279069787,4331.67252179,379.20500000000004,-0.07,-0.09,0.11,0.1584297951775486,55.71,207,-10526.8783604,0.52466925,7.904e-05,0.038245,1.554912,False,2.5372639625462297,4.126787938882866,2,0.0
85,0.08399720957130868,3949.05863194,380.433,-0.06,-0.09,0.09,0.1407124727947029,55.71,72,-10526.83730414,0.52570497,9.217e-05,0.03787,1.601071,False,2.6166260278315296,4.0796133419619975,2,0.0
86,0.0849971763519195,3977.88009542,381.173,-0.05,-0.11,0.06,0.13490737563232041,55.74,225,-10526.80146091,0.52564231,9.546e-05,0.027242,1.6426,False,2.6775393996560095,4.043332940252308,2,0.0
87,0.08599714313253032,3599.09924893,381.625,-0.05,-0.12,0.05,0.1392838827718412,55.72,39,-10526.77897329,0.5266359,3.925e-05,0.011659,1.659697,False,2.7087943218287927,4.020774497258632,2,0.0
88,0.08699710991314114,3717.27680353,381.73400000000004,-0.04,-0.12,0.03,0.13,55.74,27,-10526.76705665,0.52547964,7.249e-05,0.05479,1.668182,False,2.7175620576783857,4.009625382594528,2,0.0
89,0.08799707669375195,3535.45984717,381.899,-0.04,-0.12,0.01,0.1268857754044952,55.74,90,-10526.76455499,0.52781257,6.317e-05,0.049351,1.658937,False,2.6969103929623457,4.010349853409608,2,0.0
90,0.08899704347436277,3644.69685804,381.803,-0.03,-0.14,0.01,0.14352700094407325,55.74,36,-10526.76862878,0.52942696,9.667e-05,0.029352,1.641362,False,2.6757566542534783,4.021904043409702,2,0.0
91,0.08999701025497359,3768.6929235,381.433,-0.04,-0.12,-0.0,0.12649110640673517,55.74,36,-10526.78299139,0.53108177,7.745e-05,0.050251,1.61338,False,2.6322979898095054,4.043322030862682,2,0.0
92,0.0909969770355844,4237.20364084,381.865,-0.04,-0.12,-0.01,0.1268857754044952,55.76,121,-10526.80297366,0.53172318,9.992e-05,0.023563,1.578767,False,2.5847969806537257,4.073698028512705,2,0.0
93,0.09199694381619522,3357.9625291,381.117,-0.04,-0.14,-0.04,0.15099668870541502,55.79,29,-10526.8308815,0.53044657,9.238e-05,0.063369,1.542595,False,2.535083669928286,4.108682682633664,2,0.0
94,0.09299691059680604,3098.07570276,380.352,-0.04,-0.13,-0.05,0.1449137674618944,55.79,23,-10526.8623009,0.53270008,7.578e-05,0.062369,1.502774,False,2.476070645081247,4.150196383452252,2,0.0
95,0.09399687737741685,3483.79729385,380.01599999999996,-0.05,-0.11,-0.06,0.13490737563232041,55.77,29,-10526.89699153,0.53557816,9.213e-05,0.073102,1.457393,False,2.4124952434503886,4.20025453663991,2,0.0
96,0.09499684415802767,3563.03539769,380.018,-0.06,-0.11,-0.05,0.13490737563232041,55.78,143,-10526.92533541,0.53622084,9.917e-05,0.040378,1.415343,False,2.345290175479165,4.2550669260347584,2,0.0
97,0.09599681093863849,3772.92666111,378.834,-0.06,-0.09,-0.05,0.11916375287812984,55.79,98,-10526.96528001,0.53832051,6.921e-05,0.040184,1.375932,False,2.2993169039808405,4.313527731986718,2,0.0
98,0.09699677771924932,4162.55295633,379.127,-0.07,-0.09,-0.05,0.12449899597988733,55.8,44,-10526.99011622,0.53925205,5.596e-05,0.038525,1.34206,False,2.2498339444553648,4.374002874695391,2,0.0
99,0.09799674449986014,4578.02725725,378.685,-0.07,-0.1,-0.05,0.13190905958272922,55.79,54,-10527.00918013,0.54171103,9.684e-05,0.059655,1.320244,False,2.2240772397542328,4.43267091918511,2,0.0
100,0.09899671128047095,4342.60076748,378.259,-0.07,-0.07,-0.05,0.11090536506409418,55.77,68,-10527.02266936,0.54437535,6.75e-05,0.04011,1.311297,False,2.224879940425025,4.483446898773869,2,0.0
101,0.09999667806108177,4494.28121206,378.868,-0.08,-0.07,-0.05,0.11747340124470732,55.75,189,-10527.02389772,0.54731386,9.986e-05,0.03847,1.320464,False,2.250866648886914,4.526730259921154,2,0.0
102,0.10099664484169259,4666.85790549,378.284,-0.08,-0.05,-0.05,0.10677078252031312,55.74,261,-10527.01400457,0.55116474,7.31e-05,0.033861,1.339064,False,2.2994437045766523,4.560191135984048,2,0.0
103,0.1019966116223034,5030.7296457,378.81399999999996,-0.09,-0.05,-0.06,0.11916375287812986,55.72,24,-10526.99604483,0.55253496,9.888e-05,0.072572,1.374073,False,2.3665070056119193,4.581290679548448,2,0.0
104,0.10299657840291422,4998.20363142,379.816,-0.1,-0.05,-0.06,0.12688577540449522,55.72,28,-10526.96559345,0.55447189,7.623e-05,0.068383,1.424496,False,2.453624477979469,4.587918570809192,2,0.0
105,0.10399654518352504,4689.90288942,380.804,-0.11,-0.05,-0.07,0.1396424004376894,55.73,24,-10526.92514454,0.55433532,7.784e-05,0.075637,1.48336,False,2.552488366889051,4.582106223293154,2,0.0
106,0.10499651196413586,4188.91341555,381.54200000000003,-0.11,-0.07,-0.08,0.15297058540778355,55.71,34,-10526.88389806,0.55739488,7.281e-05,0.05232,1.538922,False,2.6393115506873803,4.568580219468441,2,0.0
107,0.10599647874474667,4150.64885085,382.40700000000004,-0.12,-0.09,-0.09,0.17492855684535902,55.74,31,-10526.83904721,0.55637698,7.387e-05,0.042078,1.588449,False,2.7034875209847806,4.549330073118187,2,0.0
108,0.10699644552535749,4226.39054872,383.15700000000004,-0.13,-0.1,-0.1,0.19209372712298547,55.74,22,-10526.79450498,0.55817804,7.002e-05,0.071319,1.639255,False,2.770038215549178,4.524947658864266,2,0.0
109,0.1079964123059683,3675.40766417,383.846,-0.14,-0.14,-0.1,0.22181073012818836,55.76,23,-10526.75809778,0.55758954,6.986e-05,0.078367,1.678056,False,2.8194719782821633,4.5007025248340025,2,0.0
110,0.10899637908657912,3606.05584619,384.309,-0.15,-0.14,-0.12,0.23769728648009425,55.77,30,-10526.72329015,0.55850274,9.268e-05,0.052241,1.705036,False,2.8481163055269576,4.476683918400106,2,0.0
111,0.10999634586718994,4127.52604552,384.868,-0.17,-0.11,-0.11,0.23043437243605827,55.81,27,-10526.69294629,0.55743542,9.93e-05,0.060432,1.723276,False,2.8693902918768335,4.448473855336343,2,0.0
112,0.11099631264780076,3508.2423552,384.87399999999997,-0.18,-0.16,-0.12,0.2690724809414742,55.81,27,-10526.67461132,0.55929793,8.645e-05,0.063557,1.732222,False,2.8735138026915594,4.42160059061155,2,0.0
113,0.11199627942841157,3620.89741237,385.298,-0.2,-0.14,-0.12,0.2720294101747089,55.86,33,-10526.66058538,0.55837817,8.835e-05,0.060048,1.727361,False,2.860890533364952,4.392913389863503,2,0.0
114,0.11299624620902239,4085.27040672,384.976,-0.22,-0.17,-0.12,0.3028200785945344,55.88,43,-10526.65270682,0.55782492,7.153e-05,0.04963,1.7164,False,2.8362998832940085,4.357393933102662,2,0.0
115,0.11399621298963321,3376.14671664,384.635,-0.24,-0.15,-0.12,0.30740852297878796,55.89,24,-10526.65489354,0.55792843,4.524e-05,0.059398,1.698979,False,2.8026974105506492,4.32180963883203,2,0.0
116,0.11499617977024403,3070.01193641,384.993,-0.25,-0.15,-0.11,0.3116087290176576,55.93,38,-10526.6594013,0.55640432,8.949e-05,0.060244,1.675725,False,2.7558397928415554,4.286224576583758,2,0.0
117,0.11599614655085484,3344.31460999,384.224,-0.27,-0.17,-0.11,0.33749074061372414,55.94,33,-10526.67739932,0.55628628,8.658e-05,0.02776,1.647954,False,2.7016958617892177,4.2457559465425865,2,0.0
118,0.11699611333146566,3423.25930703,383.61,-0.28,-0.2,-0.1,0.35832945734337834,55.99,26,-10526.70024828,0.55382147,7.237e-05,0.078997,1.618124,False,2.6368720119302456,4.200169748656134,2,0.0
119,0.11799608011207649,3297.23181906,382.582,-0.29,-0.21,-0.1,0.3717526059088221,56.0,36,-10526.72586089,0.55411337,4.462e-05,0.038691,1.590295,False,2.5723822513917,4.151505729922718,2,0.0
120,0.11899604689268731,3582.97108452,382.162,-0.3,-0.21,-0.09,0.377094152699296,56.04,33,-10526.75123683,0.551769,9.866e-05,0.086278,1.564322,False,2.506561242566517,4.096419600239414,2,0.0
121,0.11999601367329812,3863.7220617,381.385,-0.3,-0.2,-0.09,0.3716180835212409,56.05,54,-10526.77707992,0.55164432,9.718e-05,0.059814,1.545512,False,2.4480109776629484,4.034469511302932,2,0.0
122,0.12099598045390894,3610.92449086,380.976,-0.3,-0.22,-0.08,0.38052595180880894,56.08,26,-10526.80282238,0.5499016,9.748e-05,0.065065,1.529466,False,2.38860645311059,3.9723117178923766,2,0.0
123,0.12199594723451976,3696.56930819,380.36199999999997,-0.3,-0.23,-0.09,0.38858718455450897,56.07,32,-10526.82638033,0.55092916,8.495e-05,0.066662,1.515037,False,2.3230618645561907,3.9091906350727057,2,0.0
124,0.12299591401513058,3821.77985933,379.742,-0.3,-0.22,-0.09,0.38275318418009274,56.09,26,-10526.84773679,0.54962666,8.143e-05,0.076878,1.504794,False,2.2559878526994206,3.8462402199954653,2,0.0
125,0.12399588079574139,3982.71344631,379.279,-0.29,-0.23,-0.09,0.3809199390948182,56.12,30,-10526.87353635,0.5474609,9.688e-05,0.040442,1.494644,False,2.183763627278126,3.784587355529012,2,0.0
126,0.12499584757635221,4162.54327527,378.69,-0.28,-0.22,-0.09,0.3672873534441392,56.15,28,-10526.89479804,0.54507956,7.484e-05,0.081925,1.486961,False,2.1064264447370684,3.725402051799014,2,0.0
127,0.12599581435696303,4303.0062579,378.302,-0.27,-0.21,-0.09,0.3536947836765479,56.18,78,-10526.91277324,0.54242992,9.181e-05,0.061607,1.48352,False,2.043538167549351,3.670293864911203,2,0.0
128,0.12699578113757384,4135.73007484,377.77,-0.25,-0.21,-0.1,0.34146742157927745,56.18,62,-10526.92887618,0.54239768,9.8e-05,0.028105,1.48455,False,1.9797690301790578,3.623293249298046,2,0.0
129,0.12799574791818466,4193.3877718,377.567,-0.23,-0.2,-0.1,0.3207802986469088,56.22,36,-10526.94069715,0.53935566,9.359e-05,0.055383,1.487072,False,1.9281108079121243,3.5841318214200673,2,0.0
130,0.12899571469879548,4325.32056513,377.165,-0.21,-0.18,-0.1,0.29410882339705485,56.24,65,-10526.94993876,0.53776289,9.836e-05,0.030434,1.491813,False,1.893741137505984,3.5530372336852465,2,6.755260243632337
131,0.1299956814794063,4913.31966984,376.48,-0.18,-0.19,-0.1,0.280178514522438,56.24,31,-10526.95478069,0.53779279,9.623e-05,0.054603,1.50115,False,1.878692042510991,3.5274775596463783,2,6.866002214839424
132,0.1309956482600171,4536.99020025,376.563,-0.16,-0.17,-0.11,0.2580697580112788,56.28,56,-10526.95585193,0.53459985,9.379e-05,0.042451,1.509797,False,1.877672694281918,3.5112037929208544,2,6.976744186046512
133,0.13199561504062793,4367.57803817,376.90500000000003,-0.13,-0.16,-0.11,0.23366642891095846,56.32,34,-10526.95574381,0.53076095,8.767e-05,0.053889,1.515873,False,1.8808696650662096,3.504153727392238,2,7.087486157253599
134,0.13299558182123875,4436.1086001,376.00300000000004,-0.11,-0.14,-0.1,0.2042057785666214,56.33,77,-10526.9558217,0.53051146,9.635e-05,0.037645,1.514948,False,1.8791651016663438,3.5052720005907236,2,7.087486157253599
135,0.13399554860184956,3811.67401173,376.121,-0.08,-0.13,-0.09,0.1772004514666935,56.37,37,-10526.95205797,0.52789367,8.939e-05,0.071986,1.510039,False,1.8817690038898258,3.515242989756649,2,7.087486157253599
136,0.13499551538246038,3702.83671462,375.61,-0.05,-0.13,-0.08,0.1606237840420901,56.37,34,-10526.95432684,0.5284612,6.835e-05,0.062936,1.493596,False,1.8736492689133672,3.5334452650380967,2,7.087486157253599
137,0.1359954821630712,4272.26133702,375.46999999999997,-0.03,-0.09,-0.07,0.11789826122551596,56.4,24,-10526.95716476,0.52590956,7.051e-05,0.043839,1.472412,False,1.8562967414082978,3.557131290475758,2,7.198228128460686
138,0.136995448943682,4023.18467194,374.947,-0.0,-0.08,-0.06,0.1,56.42,49,-10526.96018706,0.52480241,8.996e-05,0.030489,1.449096,False,1.8439899269084392,3.5814475367717447,2,7.198228128460686
139,0.13799541572429283,4068.96760853,374.494,0.02,-0.04,-0.03,0.053851648071345036,56.44,116,-10526.96218091,0.52300646,9.728e-05,0.040076,1.424416,False,1.8202655159938952,3.6038429358321387,2,7.198228128460686
140,0.13899538250490365,4316.68091561,374.596,0.05,-0.02,-0.02,0.057445626465380296,56.47,34,-10526.95833534,0.52123664,7.629e-05,0.073942,1.403719,False,1.8131948450693822,3.6197597912073167,2,7.198228128460686
141,0.13999534928551446,4671.38878216,374.524,0.07,-0.0,0.01,0.07071067811865477,56.5,35,-10526.95132967,0.51837656,6.694e-05,0.035678,1.388464,False,1.8126513258393842,3.6230613447368585,2,7.198228128460686
142,0.14099531606612528,4684.26895607,374.762,0.1,0.03,0.03,0.10862780491200216,56.55,57,-10526.93950723,0.51441487,8.726e-05,0.038242,1.388585,False,1.8254371594897103,3.609450557625345,2,7.198228128460686
143,0.1419952828467361,4289.48208176,374.89099999999996,0.13,0.05,0.05,0.14798648586948743,56.53,83,-10526.9194133,0.51543846,9.72e-05,0.032281,1.396016,False,1.8429434077381226,3.580715669321413,2,7.198228128460686
144,0.14299524962734692,4080.24680464,375.04200000000003,0.15,0.06,0.07,0.17606816861659008,56.52,66,-10526.8931612,0.51631293,5.082e-05,0.020294,1.415676,False,1.8699658157145074,3.539430562536537,2,7.308970099667775
145,0.14399521640795773,3555.73089838,375.346,0.18,0.07,0.09,0.21307275752662516,56.54,137,-10526.8682907,0.51414092,9.4e-05,0.045946,1.435009,False,1.8963866527489068,3.4924257708194344,2,7.308970099667775
146,0.14499518318856855,3394.68926784,376.17600000000004,0.2,0.09,0.09,0.23706539182259395,56.54,29,-10526.84308531,0.51324991,7.872e-05,0.070952,1.462732,False,1.9321663858818154,3.4415155228441896,2,7.308970099667775
147,0.14599514996917937,3570.89546445,376.375,0.23,0.1,0.11,0.2738612787525831,56.54,29,-10526.8172372,0.51337868,5.908e-05,0.062972,1.484976,False,1.9560927910790948,3.3858842155604174,2,7.419712070874862
148,0.14699511674979018,3842.30510346,376.832,0.25,0.14,0.11,0.3069201850644561,56.56,26,-10526.79470222,0.51145208,7.435e-05,0.067351,1.511658,False,1.9835159569294372,3.325771219828873,2,7.419712070874862
149,0.147995083530401,3422.72930924,377.456,0.27,0.12,0.12,0.3189043743820395,56.56,45,-10526.7669299,0.51068577,8.149e-05,0.02078,1.535399,False,2.0075154625409257,3.2701938417757885,2,7.419712070874862
150,0.14899505031101182,3429.49342316,377.461,0.28,0.12,0.11,0.323882694814033,56.55,47,-10526.7471457,0.51155404,4.566e-05,0.038126,1.553981,False,2.0249070146985564,3.217998310104876,2,7.530454042081949
151,0.14999501709162266,3888.27275491,377.642,0.3,0.11,0.11,0.337934904974316,56.54,32,-10526.72251091,0.51196262,9.648e-05,0.038773,1.569955,False,2.0363330284294987,3.16625059348105,2,7.530454042081949
152,0.15099498387223348,4155.69457354,378.18600000000004,0.31,0.16,0.11,0.36578682316343764,56.57,50,-10526.70126588,0.51003122,9.983e-05,0.065484,1.584976,False,2.0490474276149038,3.117100363445069,2,7.530454042081949
153,0.1519949506528443,3803.40169259,378.312,0.32,0.15,0.11,0.37013511046643494,56.6,47,-10526.68792581,0.50761054,9.54e-05,0.035587,1.592817,False,2.0546717330549256,3.0761436582728914,2,7.641196013289036
154,0.1529949174334551,3758.33446939,378.488,0.33,0.18,0.1,0.38897300677553454,56.6,29,-10526.67498709,0.50729539,9.442e-05,0.072513,1.594021,False,2.049259051486629,3.0424315824015404,2,7.641196013289036
155,0.15399488421406593,3945.26677935,378.337,0.33,0.22,0.11,0.41158231254513356,56.61,55,-10526.66401956,0.50630058,8.714e-05,0.0418,1.592572,False,2.041221254576446,3.01485986423857,2,7.641196013289036
156,0.15499485099467675,3533.29634169,378.221,0.33,0.25,0.1,0.4259107887809371,56.64,132,-10526.66075208,0.5049189,9.141e-05,0.034573,1.584093,False,2.0270493279864557,2.9962599106740666,2,7.641196013289036
157,0.15599481777528756,3668.99335553,378.271,0.33,0.27,0.11,0.44034077712607994,56.69,52,-10526.665383,0.50060271,8.87e-05,0.07053,1.566986,False,2.002686950982598,2.9844163670848523,2,7.751937984496124
158,0.15699478455589838,3383.76259676,378.071,0.33,0.31,0.11,0.4659399102888698,56.72,139,-10526.67029298,0.49851404,9.934e-05,0.026353,1.546353,False,1.977144968932636,2.9799019674567533,2,7.751937984496124
159,0.1579947513365092,3201.62799398,377.723,0.33,0.36,0.12,0.5028916384272063,56.75,80,-10526.68206548,0.49700428,5.504e-05,0.041998,1.521557,False,1.9453866678930807,2.9819904778164052,2,7.751937984496124
160,0.15899471811712002,3409.78580098,377.223,0.32,0.4,0.13,0.5284884104689526,56.77,315,-10526.69557331,0.49653619,9.239e-05,0.030654,1.490947,False,1.9052549970533927,2.989319259694277,2,7.751937984496124
161,0.15999468489773083,3151.28044192,376.48400000000004,0.32,0.41,0.13,0.5360970061472083,56.79,52,-10526.71202715,0.49658116,8.21e-05,0.040891,1.458617,False,1.8610910964929637,3.0006560097084725,2,7.751937984496124
162,0.16099465167834165,3469.40029221,376.57399999999996,0.31,0.46,0.15,0.5746303159423457,56.83,50,-10526.73064476,0.49417438,7.607e-05,0.023511,1.425889,False,1.8156243840887016,3.0149282171670135,2,7.751937984496124
