MD_step,postpropagation_temperature_K,mean_local_moment_muB,S_proxy_kB_per_Fe,S_proxy_eV_per_K_per_Fe,minus_4000K_S_proxy_eV_per_Fe
1,3975.46946466,1.6296181782458752,0.9667601065072753,8.330894022319986e-05,-0.33323576089279944
2,4218.1996273,1.6296635860558513,0.966779099023812,8.331057687164469e-05,-0.33324230748657874
3,4005.59004341,1.6294821552696985,0.9667128129262181,8.330486477770856e-05,-0.3332194591108342
4,3990.48119616,1.6301589107398637,0.966977594299843,8.33276818710899e-05,-0.3333107274843596
5,3943.60630882,1.629055778660443,0.9665607149216022,8.329175798576573e-05,-0.3331670319430629
6,3824.91516974,1.6281634450264326,0.9662254194630742,8.326286445869154e-05,-0.33305145783476614
7,3818.44788853,1.6273253376247263,0.9659106756673383,8.323574193689106e-05,-0.3329429677475642
8,3839.35956754,1.6269223111805429,0.9657626564728139,8.322298662960694e-05,-0.33289194651842774
9,3847.83727233,1.6267722081029645,0.9657109178349027,8.321852813875284e-05,-0.33287411255501137
10,3555.1552443,1.625187260924858,0.9651071132249381,8.316649628326e-05,-0.33266598513303997
11,3551.58045859,1.6253060356565543,0.9651588681218812,8.317095617520907e-05,-0.33268382470083624
12,3621.34162903,1.6238986281042787,0.9646247480403662,8.312492926776488e-05,-0.3324997170710595
13,3562.82915352,1.6226628871248603,0.9641547956816203,8.308443190683843e-05,-0.3323377276273537
14,3635.92250268,1.6214329266499754,0.9636862358863907,8.304405454775107e-05,-0.33217621819100424
15,3701.98346365,1.6201699151101325,0.963202521332605,8.300237125261386e-05,-0.3320094850104554
16,3799.67847277,1.619472305141655,0.9629377238135703,8.297955276792875e-05,-0.331918211071715
17,3812.89776419,1.6180964637405546,0.9624068266978238,8.293380359418576e-05,-0.331735214376743
18,3813.19068838,1.6164592322591085,0.9617767003522144,8.287950350701202e-05,-0.33151801402804804
19,3593.39010448,1.6153660171505435,0.9613605254352362,8.284364032746255e-05,-0.3313745613098502
20,3748.79889681,1.613653569329543,0.9607004913856403,8.278676299376524e-05,-0.33114705197506095
21,3830.81464095,1.61259618158349,0.9602927743822063,8.27516286608129e-05,-0.3310065146432516
22,3937.59756099,1.6112306756464423,0.9597690512748507,8.27064976952812e-05,-0.3308259907811248
24,4041.04991117,1.6165543705574912,0.9617922406841664,8.288084266920637e-05,-0.3315233706768254
25,4337.71756412,1.6147304723818996,0.961100158513488,8.282120364211112e-05,-0.33128481456844444
26,4126.70428694,1.6126479975505448,0.960306197124788,8.275278534327409e-05,-0.33101114137309634
27,3994.9865716,1.61046402063312,0.9594737000118849,8.26810462926575e-05,-0.33072418517062996
28,4022.81371345,1.6084663441663098,0.9587066170985166,8.261494420161557e-05,-0.33045977680646227
29,3897.9964691,1.606201140268102,0.957836337433749,8.253994930258987e-05,-0.33015979721035943
30,4113.46115416,1.6055980389253506,0.9576053452594948,8.252004393712491e-05,-0.3300801757484996
31,4025.37042448,1.603888265264628,0.9569511879954413,8.246367302562289e-05,-0.3298546921024916
32,4069.07779109,1.6020442135862312,0.9562421708615678,8.240257465631131e-05,-0.3296102986252452
33,3958.43692506,1.601013346210996,0.955846893021959,8.236851224756081e-05,-0.32947404899024324
34,3923.16979548,1.6001926601798149,0.9555317173471523,8.23413525093015e-05,-0.329365410037206
35,4055.26962684,1.5995954483731027,0.9553032606259045,8.232166563227181e-05,-0.3292866625290872
36,4095.89892383,1.5991997461681937,0.9551519360573428,8.230862548989134e-05,-0.3292345019595654
37,4096.61041501,1.598458644538397,0.9548675208634994,8.228411648478968e-05,-0.3291364659391587
38,4190.50867386,1.5982071615880544,0.9547711624084787,8.227581295559429e-05,-0.32910325182237715
39,3809.46663984,1.5976503598536222,0.9545580682591814,8.225744992258722e-05,-0.32902979969034885
40,3805.36675624,1.5964656917174107,0.9540987257920651,8.221786685138125e-05,-0.328871467405525
41,3808.3897605,1.5953970839778815,0.9536876468258468,8.218244280689164e-05,-0.3287297712275665
42,3821.22588095,1.594796715776868,0.9534557007006201,8.216245523629222e-05,-0.32864982094516887
43,3773.64111072,1.5937864502290917,0.953061954729137,8.212852483372324e-05,-0.32851409933489295
44,3798.29663595,1.5928473319282093,0.9526972933177609,8.209710074462652e-05,-0.3283884029785061
45,3728.45299178,1.592504510874742,0.9525627636171679,8.208550787198985e-05,-0.3283420314879594
46,3558.69774186,1.5922522937089882,0.9524597788669815,8.207663333285711e-05,-0.32830653333142845
47,3667.62428772,1.5917792615508688,0.9522770534870745,8.2060887277916e-05,-0.328243549111664
48,3716.55374111,1.5912919619143162,0.9520895255970796,8.204472737467567e-05,-0.32817890949870265
49,3625.14887936,1.5912919994565455,0.9520953208152627,8.204522676793979e-05,-0.3281809070717591
50,3526.06977992,1.5903718509669988,0.9517350241569844,8.201417880416356e-05,-0.32805671521665425
51,3583.86429893,1.5901179533789989,0.9516354991363519,8.200560240145645e-05,-0.3280224096058258
52,3314.76123984,1.5890099340865274,0.9512057670385783,8.196857095445689e-05,-0.3278742838178275
53,3088.62639235,1.588257415145394,0.9509105178678567,8.194312834946209e-05,-0.32777251339784835
54,3103.96445867,1.5877419224627722,0.9507094767929127,8.192580397004036e-05,-0.32770321588016144
55,2808.02684855,1.5868370550789206,0.9503586446549115,8.18955715955181e-05,-0.3275822863820724
56,2541.25113239,1.586119253714887,0.950070155839381,8.187071155285982e-05,-0.32748284621143925
57,2485.30654599,1.5852902344201372,0.9497415982300255,8.18423986487035e-05,-0.327369594594814
58,2615.37676126,1.5860551673665944,0.9500347747759746,8.18676626487144e-05,-0.3274706505948576
59,2602.33298135,1.5873113780243184,0.9505218559686823,8.190963605834725e-05,-0.327638544233389
60,2592.51135263,1.5872487696550417,0.9504940659104545,8.190724129641601e-05,-0.32762896518566403
61,2743.21420725,1.5876172498109953,0.9506312694679758,8.191906458421515e-05,-0.32767625833686054
62,2775.37725088,1.5886611063214762,0.9510382266225259,8.195413343845687e-05,-0.32781653375382747
63,3068.50109981,1.5889051445982099,0.9511277059701067,8.196184417203869e-05,-0.3278473766881548
64,3063.01159462,1.5908765365639481,0.9519021645373171,8.202858184775245e-05,-0.3281143273910098
65,3067.41149314,1.5916425471558133,0.9521988610240671,8.205414917279278e-05,-0.3282165966911711
66,3259.88665051,1.5926095217806868,0.9525742959745067,8.208650165365472e-05,-0.3283460066146189
67,3384.80728763,1.593732546642784,0.953010624148622,8.212410150653487e-05,-0.3284964060261395
68,3575.0751535,1.5939392264912122,0.9530893867650139,8.213088874367535e-05,-0.32852355497470137
69,3578.74495191,1.594875910901232,0.9534549887883579,8.216239388844004e-05,-0.3286495755537602
70,3666.0908132,1.5956431656049341,0.9537553986932168,8.218828121109423e-05,-0.3287531248443769
71,3377.08171366,1.5959208197874217,0.9538631185967256,8.219756379416924e-05,-0.3287902551766769
72,3245.35523269,1.5961472287579075,0.9539509179880152,8.220512976031881e-05,-0.3288205190412752
73,2996.36261162,1.5959889689006608,0.9538894689413853,8.219983449118429e-05,-0.32879933796473715
74,3296.8125691,1.595234162491804,0.9535938369102007,8.217435889382747e-05,-0.32869743557530984
75,3211.5144572,1.596110458561113,0.9539370772504351,8.220393705783558e-05,-0.3288157482313423
76,3224.38825743,1.5956539438416522,0.9537565586896103,8.218838117184929e-05,-0.3287535246873971
77,3279.52977213,1.5958513048907652,0.9538359568766086,8.219522317822703e-05,-0.3287808927129081
78,3469.90355796,1.5969904588967199,0.9542808467709797,8.22335608230746e-05,-0.32893424329229837
79,3499.47019633,1.5969858810039916,0.9542776677533145,8.223328687652791e-05,-0.32893314750611163
80,3694.16232119,1.5970355203663424,0.9543014867154893,8.22353394358781e-05,-0.3289413577435124
81,3915.58026778,1.5971532840056744,0.954351378504968,8.223963877764793e-05,-0.3289585551105917
82,4114.17111643,1.597412942088055,0.9544557636100353,8.224863399002762e-05,-0.32899453596011047
83,4661.49879616,1.5982757216628465,0.9547951460334019,8.227787970448227e-05,-0.32911151881792905
84,4564.08802193,1.5978762298117275,0.9546433310945959,8.226479730526362e-05,-0.3290591892210545
85,4760.83976939,1.5990071164194242,0.9550840283576777,8.230277365710054e-05,-0.32921109462840215
86,5087.15590491,1.5986793063486906,0.9549607412630563,8.22921495972878e-05,-0.3291685983891512
87,4941.62791233,1.5992186201606697,0.9551716786456063,8.231032677451657e-05,-0.3292413070980663
88,4665.0118779,1.5995799135056346,0.9553124101190783,8.232245407459039e-05,-0.3292898162983615
89,4929.43010141,1.5992675044821394,0.9551932378103828,8.23121845995939e-05,-0.3292487383983756
90,4904.45867522,1.599147893777116,0.9551470044130488,8.230820051366722e-05,-0.32923280205466887
91,4886.68819337,1.599307471296864,0.9552096840576476,8.231360182752984e-05,-0.3292544073101193
92,5031.32700933,1.599476167904884,0.9552746855925152,8.231920322641487e-05,-0.32927681290565947
93,5139.26900835,1.5994898304292915,0.9552801958183619,8.231967806093959e-05,-0.3292787122437583
