phase,magnetic_state,source,path,natoms,total_frames,valid_frames,volume_per_atom_A3,target_temperature_K,mean_temperature_K,min_temperature_K,max_temperature_K,mean_pressure_GPa,min_pressure_GPa,max_pressure_GPa,mean_energy_eV_atom,min_energy_eV_atom,max_energy_eV_atom,mean_force_rms_eV_A,mean_displacement_rms_A,mean_abs_magnetization_Bohr_atom
BCC,non-magnetic,2.29_4000K,dataset/bcc/non-mag/2.29_4000K.npz,128,400,399,6.004503551996008,4000.0,3820.5540070880324,2209.444091796875,4740.8779296875,528.6301924244204,510.4859924316406,538.5289916992188,-4474.808872177774,-4474.926803312401,-4474.626340775891,4.397722623033564,0.32182560071752003,0.0
BCC,non-magnetic,2.29_4500K,dataset/bcc/non-mag/2.29_4500K.npz,128,400,399,6.004503551996008,4500.0,4204.602947187304,2395.278564453125,5162.83837890625,531.537668710962,509.7470397949219,540.0480346679688,-4474.744678483953,-4474.920332310876,-4474.582267331559,4.547923346575636,0.3177528551302577,0.0
BCC,non-magnetic,2.29_5000K,dataset/bcc/non-mag/2.29_5000K.npz,128,400,399,6.004503551996008,5000.0,4733.35728664924,2448.40283203125,6102.43994140625,536.141163073088,508.2919921875,544.4130249023438,-4474.643372956744,-4474.919669666856,-4474.4941497100135,4.863930035856047,0.31264387348500045,0.0
BCC,non-magnetic,2.29_5500K,dataset/bcc/non-mag/2.29_5500K.npz,128,400,399,6.004503551996008,5500.0,5213.624585756384,2886.844482421875,6309.65283203125,538.8138755090852,509.1180114746094,546.3259887695312,-4474.593390330683,-4474.9199448930185,-4474.467300556439,5.087749307437324,0.3287534897182098,0.0
BCC,non-magnetic,2.29_6000K,dataset/bcc/non-mag/2.29_6000K.npz,128,400,399,6.004503551996008,6000.0,5635.894538592575,3114.314208984375,6817.1552734375,543.0342644330553,509.9870300292969,551.2940063476562,-4474.502727128668,-4474.918871700402,-4474.354651462229,5.392841905902854,0.3237668025737258,0.0
BCC,non-magnetic,2.30_4000K,dataset/bcc/non-mag/2.30_4000K.npz,128,400,399,6.0835206313290255,4000.0,3884.430958377389,2350.00244140625,4724.6240234375,504.37862027199344,482.7509765625,511.4859924316406,-4475.0026722511175,-4475.1696222947085,-4474.887067293908,4.287024156105256,0.299762200924505,0.0
BCC,non-magnetic,2.30_4500K,dataset/bcc/non-mag/2.30_4500K.npz,128,400,399,6.0835206313290255,4500.0,4031.0771004048206,2020.5177001953125,4935.34765625,504.3489300338248,482.98199462890625,511.64703369140625,-4475.012625229858,-4475.168935013756,-4474.85021493402,4.423446585925194,0.3258301539209293,0.0
BCC,non-magnetic,2.30_5000K,dataset/bcc/non-mag/2.30_5000K.npz,128,400,399,6.0835206313290255,5000.0,4031.0771004048206,2020.5177001953125,4935.34765625,504.3489300338248,482.98199462890625,511.64703369140625,-4475.012625229858,-4475.168935013756,-4474.85021493402,4.423446585925194,0.3258301539209293,0.0
BCC,non-magnetic,2.30_5500K,dataset/bcc/non-mag/2.30_5500K.npz,128,400,399,6.0835206313290255,5500.0,5191.124353241502,2575.075927734375,6603.01708984375,512.5190636962278,483.68902587890625,520.8980102539062,-4474.843364884784,-4475.168160443779,-4474.674038652477,4.996592052564094,0.3282317808154675,0.0
BCC,non-magnetic,2.30_6000K,dataset/bcc/non-mag/2.30_6000K.npz,128,400,399,6.0835206313290255,6000.0,5671.653359472901,2588.34375,6582.634765625,516.8894839179247,482.58599853515625,523.9039916992188,-4474.7540827784605,-4475.166729588318,-4474.637943525937,5.33383521677035,0.3326912348959172,0.0
BCC,non-magnetic,2.31_4000K,dataset/bcc/non-mag/2.31_4000K.npz,128,400,399,6.16322791145826,4000.0,3730.3685073278903,2159.76025390625,4430.31591796875,477.02353685422054,458.7959899902344,484.9580078125,-4475.308454006118,-4475.454429007939,-4475.11746498642,4.081968053772266,0.3392017987207495,0.0
BCC,non-magnetic,2.31_4500K,dataset/bcc/non-mag/2.31_4500K.npz,128,400,399,6.16322791145826,4500.0,4183.375704275337,2416.314453125,5211.181640625,480.0720614861127,458.9660339355469,487.41802978515625,-4475.247394545722,-4475.409267445119,-4475.070895175912,4.418492297548187,0.3519706074855568,0.0
BCC,non-magnetic,2.31_5000K,dataset/bcc/non-mag/2.31_5000K.npz,128,400,399,6.16322791145826,5000.0,4642.21882281387,3143.70849609375,5861.697265625,483.0804904564879,458.23101806640625,491.7549743652344,-4475.181081732707,-4475.409354768158,-4475.033425707495,4.7019631531530415,0.333747131504798,0.0
BCC,non-magnetic,2.31_5500K,dataset/bcc/non-mag/2.31_5500K.npz,128,400,399,6.16322791145826,5500.0,5199.280670548442,2549.3955078125,6619.88623046875,487.84384308243756,457.44903564453125,498.5169982910156,-4475.077123869633,-4475.407569722494,-4474.877498526939,4.935492996521824,0.33413628001579077,0.0
BCC,non-magnetic,2.31_6000K,dataset/bcc/non-mag/2.31_6000K.npz,128,400,399,6.16322791145826,6000.0,5453.621732554041,3495.242919921875,6658.1826171875,490.75389577153334,458.843017578125,498.7970275878906,-4475.016683035502,-4475.408327323621,-4474.882450006404,5.129704295631663,0.3414092554491469,0.0
BCC,non-magnetic,2.32_4000K,dataset/bcc/non-mag/2.32_4000K.npz,128,400,399,6.243628393688242,4000.0,3660.6424545249843,2110.98193359375,4438.15087890625,452.25889759493947,434.7950134277344,458.7680358886719,-4475.548154105202,-4475.637354808048,-4475.375980954543,4.050056084157983,0.3210137114534917,0.0
BCC,non-magnetic,2.32_4500K,dataset/bcc/non-mag/2.32_4500K.npz,128,400,399,6.243628393688242,4500.0,4179.167339736059,2641.37060546875,5046.2001953125,457.9797728880306,435.2680358886719,463.7890319824219,-4475.4209270218325,-4475.637112831861,-4475.30428041606,4.43259210667977,0.2997872209300989,0.0
BCC,non-magnetic,2.32_5000K,dataset/bcc/non-mag/2.32_5000K.npz,128,400,399,6.243628393688242,5000.0,4725.271678341362,2918.401611328125,5830.77001953125,460.5248403142867,433.74200439453125,470.0810241699219,-4475.380194213119,-4475.6367696112475,-4475.209576086137,4.625544727958789,0.3388147960978247,0.0
BCC,non-magnetic,2.32_5500K,dataset/bcc/non-mag/2.32_5500K.npz,128,400,399,6.243628393688242,5500.0,5289.782436437774,3139.391845703125,6224.775390625,465.54068758015643,434.083984375,472.23199462890625,-4475.272781777168,-4475.636739325825,-4475.146746728421,4.970555304066764,0.3338835090056705,0.0
BCC,non-magnetic,2.32_6000K,dataset/bcc/non-mag/2.32_6000K.npz,128,400,399,6.243628393688242,6000.0,5485.350891878133,3379.08447265625,6683.4326171875,466.85703118881185,434.375,476.1340026855469,-4475.245954470192,-4475.635909624092,-4475.075923342589,5.019420008356898,0.3415236174846927,0.0
BCC,non-magnetic,2.33_4000K,dataset/bcc/non-mag/2.33_4000K.npz,128,400,399,6.324617347411708,4000.0,3973.3892146136827,2173.1904296875,5209.59130859375,432.8303539304805,413.0450134277344,438.6210021972656,-4475.693098666389,-4475.855522792739,-4475.524075537466,4.13549888620079,0.3285071835220781,0.0
BCC,non-magnetic,2.33_4500K,dataset/bcc/non-mag/2.33_4500K.npz,128,400,399,6.324617347411708,4500.0,4384.411605184837,2328.090576171875,5316.9345703125,435.72499799608886,412.70098876953125,445.8059997558594,-4475.639227745386,-4475.855240367252,-4475.4121628705225,4.4068896176732,0.33999326414302783,0.0
BCC,non-magnetic,2.33_5000K,dataset/bcc/non-mag/2.33_5000K.npz,128,400,399,6.324617347411708,5000.0,4683.481475294682,2371.7705078125,5689.8662109375,438.2452869080661,413.1750183105469,447.3830261230469,-4475.579821670227,-4475.854404170926,-4475.417723449227,4.645661276994819,0.32083195639355727,0.0
BCC,non-magnetic,2.33_5500K,dataset/bcc/non-mag/2.33_5500K.npz,128,400,399,6.324617347411708,5500.0,5027.715334478775,2504.552978515625,7003.5380859375,440.8651113103804,411.98199462890625,449.3799743652344,-4475.528904907048,-4475.854982888015,-4475.382313655262,4.745566071062584,0.3293990249828596,0.0
BCC,non-magnetic,2.33_6000K,dataset/bcc/non-mag/2.33_6000K.npz,128,400,399,6.324617347411708,6000.0,5940.049663954809,3380.5673828125,7008.28173828125,448.97990551329497,411.208984375,457.8410339355469,-4475.359042053592,-4475.854922799747,-4475.1856995500775,5.122371695545707,0.3639112299727616,0.0
BCC,non-magnetic,2.34_4000K,dataset/bcc/non-mag/2.34_4000K.npz,128,400,399,6.406412310900512,4000.0,3789.8066620408445,2337.8486328125,4585.64599609375,409.02879000785657,390.6540222167969,417.2669982910156,-4475.953325574567,-4476.089136965679,-4475.795094106407,3.9439114099429213,0.34126091979491274,0.0
BCC,non-magnetic,2.34_4500K,dataset/bcc/non-mag/2.34_4500K.npz,128,400,399,6.406412310900512,4500.0,4348.7970916059685,2337.314208984375,5455.63720703125,413.9611067616551,389.88702392578125,420.6930236816406,-4475.830583804563,-4476.063938925665,-4475.724910934335,4.2942181870335006,0.3099442589002017,0.0
BCC,non-magnetic,2.34_5000K,dataset/bcc/non-mag/2.34_5000K.npz,128,400,399,6.406412310900512,5000.0,4825.9412545034465,2598.60009765625,6043.181640625,416.6873237781955,391.41900634765625,424.14501953125,-4475.784274527462,-4476.063905378065,-4475.611346253516,4.476521306832854,0.33719888015204225,0.0
BCC,non-magnetic,2.34_5500K,dataset/bcc/non-mag/2.34_5500K.npz,128,400,399,6.406412310900512,5500.0,5297.0429920014885,3272.49560546875,6379.1796875,420.8289846166931,391.2950134277344,430.677001953125,-4475.705349432557,-4476.063495045246,-4475.537151669267,4.7787558053371075,0.36178987828098125,0.0
BCC,non-magnetic,2.34_6000K,dataset/bcc/non-mag/2.34_6000K.npz,128,400,399,6.406412310900512,6000.0,5547.008713801104,3349.203125,6921.0068359375,422.0450547297198,390.2840270996094,429.00201416015625,-4475.672516176434,-4476.0631440630095,-4475.544618971048,4.859571603357973,0.3540149958840864,0.0
BCC,non-magnetic,2.35_4000K,dataset/bcc/non-mag/2.35_4000K.npz,128,400,399,6.488909476433735,4000.0,3770.7552848184914,2319.474609375,4645.35546875,388.0751983719063,368.9639892578125,397.8739929199219,-4476.155004009809,-4476.265117170054,-4475.955337211556,3.9213016290099905,0.3527075025662183,0.0
BCC,non-magnetic,2.35_4500K,dataset/bcc/non-mag/2.35_4500K.npz,128,400,399,6.488909476433735,4500.0,4282.901083886474,2275.73876953125,5125.837890625,391.6236576089883,369.16400146484375,396.6990051269531,-4476.080436077509,-4476.264245475624,-4475.907994695476,4.135826747365889,0.376666410248889,0.0
BCC,non-magnetic,2.35_5000K,dataset/bcc/non-mag/2.35_5000K.npz,128,400,399,6.488909476433735,5000.0,4471.462237135808,2362.758056640625,5713.74267578125,393.0939955173578,370.281005859375,400.0830078125,-4476.050060951298,-4476.264051230972,-4475.8931142457595,4.274431182510283,0.375253030675153,0.0
BCC,non-magnetic,2.35_5500K,dataset/bcc/non-mag/2.35_5500K.npz,128,400,399,6.488909476433735,5500.0,5303.41548390018,3112.70751953125,6672.09619140625,399.72922127706966,370.45001220703125,405.92901611328125,-4475.909013544448,-4476.264317172311,-4475.803745868801,4.690498048909586,0.3612813766392882,0.0
BCC,non-magnetic,2.35_6000K,dataset/bcc/non-mag/2.35_6000K.npz,128,400,399,6.488909476433735,6000.0,5490.445347377232,3115.40576171875,6673.91552734375,401.1250292938156,370.0820007324219,409.02301025390625,-4475.870270885875,-4476.264059547451,-4475.720427634206,4.765947075183354,0.3535646981283195,0.0
BCC,non-magnetic,2.36_4000K,dataset/bcc/non-mag/2.36_4000K.npz,128,400,399,6.5721118453159235,4000.0,3762.696768165531,2289.433349609375,4629.7666015625,368.7998479016144,350.3739929199219,374.88800048828125,-4476.319975444383,-4476.456406388592,-4476.191904860503,3.6769271448044396,0.3650525482249123,0.0
BCC,non-magnetic,2.36_4500K,dataset/bcc/non-mag/2.36_4500K.npz,128,400,399,6.5721118453159235,4500.0,4341.524840849683,1776.645263671875,5326.12109375,372.19520312622376,348.77301025390625,379.40301513671875,-4476.252600232777,-4476.4552960673145,-4476.098381733265,4.227547564478895,0.3275363287818348,0.0
BCC,non-magnetic,2.36_5000K,dataset/bcc/non-mag/2.36_5000K.npz,128,400,399,6.5721118453159235,5000.0,4699.845304790296,2496.19775390625,5812.85888671875,375.97796064869203,350.4729919433594,382.875,-4476.16979184733,-4476.455740945838,-4476.0427871454085,4.299355999157428,0.35002632644618326,0.0
BCC,non-magnetic,2.36_5500K,dataset/bcc/non-mag/2.36_5500K.npz,128,400,399,6.5721118453159235,5500.0,5128.08354932742,2886.772216796875,6668.02099609375,380.1821188102091,350.5110168457031,387.2900085449219,-4476.082158125527,-4476.455642612819,-4475.966467715439,4.544361294836139,0.35587562480180324,0.0
BCC,non-magnetic,2.36_6000K,dataset/bcc/non-mag/2.36_6000K.npz,128,400,399,6.5721118453159235,6000.0,5728.161492598684,2830.880615234375,6933.837890625,382.248031883909,348.27801513671875,390.76800537109375,-4476.050708295986,-4476.4549293960135,-4475.909412249245,4.813947008676045,0.39885783595768065,0.0
BCC,non-magnetic,2.37_4000K,dataset/bcc/non-mag/2.37_4000K.npz,128,400,399,6.656022418851627,4000.0,3858.8511029771694,2267.306640625,4990.1650390625,350.7325170225368,331.60400390625,355.54400634765625,-4476.47834705428,-4476.63769117843,-4476.391822722386,3.8079144339625195,0.3308055818075564,0.0
BCC,non-magnetic,2.37_4500K,dataset/bcc/non-mag/2.37_4500K.npz,128,400,399,6.656022418851627,4500.0,4174.547452004033,2195.00341796875,5475.7099609375,353.38679102847453,331.4880065917969,360.81298828125,-4476.423866871273,-4476.636993979139,-4476.262296417583,4.017303949121626,0.3450226687691752,0.0
BCC,non-magnetic,2.37_5000K,dataset/bcc/non-mag/2.37_5000K.npz,128,400,399,6.656022418851627,5000.0,4587.563995437813,2910.929443359375,5676.86474609375,356.2263563724986,331.40802001953125,364.3949890136719,-4476.366894267044,-4476.636850946103,-4476.182814606819,4.297439359174344,0.3460743585108314,0.0
BCC,non-magnetic,2.37_5500K,dataset/bcc/non-mag/2.37_5500K.npz,128,400,399,6.656022418851627,5500.0,5088.233827366267,3100.427978515625,6431.29541015625,359.5614244657053,331.66900634765625,365.3429870605469,-4476.298734829064,-4476.63656127771,-4476.188156053082,4.429892915903483,0.37054519925870555,0.0
BCC,non-magnetic,2.37_6000K,dataset/bcc/non-mag/2.37_6000K.npz,128,400,399,6.656022418851627,6000.0,5465.4072724535945,3084.58447265625,6819.56396484375,362.4364367798158,331.1080017089844,370.2270202636719,-4476.2312635515245,-4476.636591234682,-4476.077021807165,4.723662304627879,0.3384528181201473,0.0
BCC,non-magnetic,2.38_4000K,dataset/bcc/non-mag/2.38_4000K.npz,128,400,399,6.740644198345366,4000.0,3859.043807639215,2095.552734375,4557.26806640625,333.1885594724115,312.5760192871094,338.3600158691406,-4476.632167200824,-4476.813579727202,-4476.539340969217,3.7154698272874542,0.33652332962645043,0.0
BCC,non-magnetic,2.38_4500K,dataset/bcc/non-mag/2.38_4500K.npz,128,400,399,6.740644198345366,4500.0,4347.6666146567595,2628.39453125,5072.22412109375,336.12232714966126,312.9259948730469,342.7080078125,-4476.579354968281,-4476.8138800335455,-4476.44421763497,3.9182187998987854,0.3497960458460358,0.0
BCC,non-magnetic,2.38_5000K,dataset/bcc/non-mag/2.38_5000K.npz,128,400,399,6.740644198345366,5000.0,4862.131336030506,3044.830810546875,5994.4072265625,340.10520120491657,311.375,346.24700927734375,-4476.49084856106,-4476.81271835503,-4476.385138789638,4.246378802274864,0.35820834774603366,0.0
BCC,non-magnetic,2.38_5500K,dataset/bcc/non-mag/2.38_5500K.npz,128,400,399,6.740644198345366,5500.0,5333.80624412594,2896.417236328125,6493.91552734375,344.4768555146411,313.4120178222656,350.7900085449219,-4476.4026813120945,-4476.812313450669,-4476.2991358021045,4.510976499150315,0.37094244169734003,0.0
BCC,non-magnetic,2.38_6000K,dataset/bcc/non-mag/2.38_6000K.npz,128,400,399,6.740644198345366,6000.0,5580.153327043194,3697.313232421875,6705.951171875,345.6283167788857,313.3919982910156,353.98101806640625,-4476.376517730488,-4476.8124030994295,-4476.2080316777965,4.567515645719614,0.37471591049014874,0.0
BCC,non-magnetic,2.39_4000K,dataset/bcc/non-mag/2.39_4000K.npz,128,400,399,6.825980185101718,4000.0,3742.6964249001408,2486.292236328125,4571.19775390625,315.1462123172923,295.0820007324219,322.4729919433594,-4476.80921029622,-4476.979163546245,-4476.699906092419,3.573839568244692,0.33588645266523853,0.0
BCC,non-magnetic,2.39_4500K,dataset/bcc/non-mag/2.39_4500K.npz,128,400,399,6.825980185101718,4500.0,4270.3929146596965,2579.78271484375,5085.50244140625,317.57648982380266,295.3830261230469,325.2060241699219,-4476.772081502712,-4476.978925466813,-4476.631389401962,3.8948065915650885,0.3690189422426195,0.0
BCC,non-magnetic,2.39_5000K,dataset/bcc/non-mag/2.39_5000K.npz,128,400,399,6.825980185101718,5000.0,4654.155000538455,2670.148193359375,5583.60205078125,320.4142134817023,295.1610107421875,328.9850158691406,-4476.710283812384,-4476.978788740227,-4476.520862974436,4.082415481675597,0.3842171390318248,0.0
BCC,non-magnetic,2.39_5500K,dataset/bcc/non-mag/2.39_5500K.npz,128,400,399,6.825980185101718,5500.0,5197.1511157043,2919.23193359375,7060.81884765625,325.4706799499971,294.1659851074219,331.4090270996094,-4476.595013861215,-4476.978178789569,-4476.4879903530955,4.379960524767418,0.35462320947874104,0.0
BCC,non-magnetic,2.39_6000K,dataset/bcc/non-mag/2.39_6000K.npz,128,400,399,6.825980185101718,6000.0,5595.469498942669,3085.88720703125,7134.9130859375,329.08689218774475,296.114990234375,337.6230163574219,-4476.521798769283,-4476.978009855758,-4476.368671207133,4.599521218593267,0.3849742834534454,0.0
BCC,non-magnetic,2.40_4000K,dataset/bcc/non-mag/2.40_4000K.npz,128,400,399,6.912033380425209,4000.0,3899.6044524152176,2424.3935546875,4653.6171875,298.3665314103129,278.9200134277344,304.1000061035156,-4476.98631293096,-4477.1367450908465,-4476.866390786914,3.6479336940242626,0.36332445933537993,0.0
BCC,non-magnetic,2.40_4500K,dataset/bcc/non-mag/2.40_4500K.npz,128,400,399,6.912033380425209,4500.0,4208.282958984375,2735.931884765625,5534.71142578125,301.2482669992853,278.5679931640625,308.3800048828125,-4476.917078401041,-4477.136795209755,-4476.7797167155795,3.7154742668139304,0.3659415377239081,0.0
BCC,non-magnetic,2.40_5000K-disp,dataset/bcc/non-mag/2.40_5000K-disp.npz,128,400,399,6.912033380425209,5000.0,5306.751286174421,4352.498046875,10646.2783203125,308.16292807213347,301.8999938964844,361.69000244140625,-4476.779341348871,-4476.911729384248,-4475.666337195041,4.524546646500794,0.4693904036910785,0.0
BCC,non-magnetic,2.40_5000K,dataset/bcc/non-mag/2.40_5000K.npz,128,400,399,6.912033380425209,5000.0,4668.291826979558,2467.444091796875,5751.72412109375,304.2700837787829,277.5350036621094,311.385009765625,-4476.8503882193645,-4477.136564216976,-4476.741146672027,4.083304480432237,0.3460324312869943,0.0
BCC,non-magnetic,2.40_5500K,dataset/bcc/non-mag/2.40_5500K.npz,128,400,399,6.912033380425209,5500.0,5001.911964971021,2680.362548828125,6164.65673828125,306.49290516023945,278.75,315.0810241699219,-4476.813727107401,-4477.135588473009,-4476.615103722258,4.289321593984048,0.39321406131102893,0.0
BCC,non-magnetic,2.40_6000K,dataset/bcc/non-mag/2.40_6000K.npz,128,400,399,6.912033380425209,6000.0,5638.621209395559,2840.541259765625,7135.33251953125,311.62462805267563,278.9519958496094,318.89801025390625,-4476.688625500683,-4477.135494918988,-4476.544097005028,4.490549865635598,0.3583053815215175,0.0
BCC,non-magnetic,2.41_4000K,dataset/bcc/non-mag/2.41_4000K.npz,128,400,399,6.9988067856203955,4000.0,3735.8413122650377,2353.03759765625,4597.39599609375,281.53403658376897,263.3570251464844,290.22900390625,-4477.153084592217,-4477.289283625808,-4476.985593629712,3.4826977422958625,0.3779096086395683,0.0
BCC,non-magnetic,2.41_4500K,dataset/bcc/non-mag/2.41_4500K.npz,128,400,399,6.9988067856203955,4500.0,4316.320412848528,2396.8037109375,5102.453125,285.04078517521833,262.0610046386719,292.7740173339844,-4477.079732904969,-4477.288697714709,-4476.917267519937,3.877121924155667,0.3805669126118885,0.0
BCC,non-magnetic,2.41_5000K,dataset/bcc/non-mag/2.41_5000K.npz,128,400,399,6.9988067856203955,5000.0,4843.370424351895,2793.664306640625,6036.4228515625,289.270833639274,261.9350280761719,293.8810119628906,-4476.989920880158,-4477.288602821378,-4476.910373528044,4.0918522147096885,0.3895996217673239,0.0
BCC,non-magnetic,2.41_5500K,dataset/bcc/non-mag/2.41_5500K.npz,128,400,399,6.9988067856203955,5500.0,5195.069949654409,3440.671142578125,6143.70166015625,292.5886102738536,262.2760009765625,298.7669982910156,-4476.904899997769,-4477.288693319432,-4476.796597251063,4.193924702582208,0.3686412620385281,0.0
BCC,non-magnetic,2.41_6000K,dataset/bcc/non-mag/2.41_6000K.npz,128,400,399,6.9988067856203955,6000.0,5680.346430651824,3455.825927734375,7038.39892578125,296.5840083913397,262.5459899902344,305.2550048828125,-4476.829266788866,-4477.288859876499,-4476.660825935294,4.397396886691103,0.40651502927559285,0.0
BCC,non-magnetic,2.42_4000K,dataset/bcc/non-mag/2.42_4000K.npz,128,400,399,7.086187186724503,4000.0,3727.051915371926,1995.74609375,4589.05712890625,266.7959754198117,247.9449920654297,273.5870056152344,-4477.2764028091015,-4477.431616857832,-4477.131607480186,3.4379028204346236,0.3678352226539861,0.0
BCC,non-magnetic,2.42_4500K,dataset/bcc/non-mag/2.42_4500K.npz,128,254,253,7.086187186724503,4500.0,4199.526980916502,2519.361083984375,5143.36962890625,270.8339036180097,248.1439971923828,278.16400146484375,-4477.184918697163,-4477.431569716231,-4477.076987892234,3.559292390174276,0.38181312396347084,0.0
BCC,non-magnetic,2.42_5000K,dataset/bcc/non-mag/2.42_5000K.npz,128,400,399,7.086187186724503,5000.0,4671.535203976739,2920.494140625,5930.43701171875,273.6000440019115,246.57400512695312,278.97100830078125,-4477.132520507195,-4477.431594940973,-4477.044820942917,3.8431395919399183,0.3897660202947988,0.0
BCC,non-magnetic,2.42_5500K,dataset/bcc/non-mag/2.42_5500K.npz,128,400,399,7.086187186724503,5500.0,5212.381634628564,3101.53759765625,6345.46337890625,277.97304093210323,247.45901489257812,285.96600341796875,-4477.035594643933,-4477.431089462904,-4476.868913067683,4.079506088227482,0.3995843988969738,0.0
BCC,non-magnetic,2.42_6000K,dataset/bcc/non-mag/2.42_6000K.npz,128,400,399,7.086187186724503,6000.0,5440.398175002937,3544.554443359375,6673.3896484375,279.39601341763836,248.2689971923828,288.2120056152344,-4477.012778505115,-4477.431056468036,-4476.850868742675,4.305203404787421,0.4008723092468438,0.0
BCC,non-magnetic,2.43_4000K,dataset/bcc/non-mag/2.43_4000K.npz,128,400,399,7.174409052995837,4000.0,3702.8850342408755,1907.68701171875,4492.42236328125,252.94435712388884,231.72801208496094,260.7760009765625,-4477.392364771189,-4477.56881615911,-4477.250147427047,3.3270510035838377,0.3672941760496521,0.0
BCC,non-magnetic,2.43_4500K,dataset/bcc/non-mag/2.43_4500K.npz,128,400,399,7.174409052995837,4500.0,4275.485302000117,2499.246826171875,5082.09423828125,256.3962845192816,233.6540069580078,261.2439880371094,-4477.317508341099,-4477.568692715082,-4477.239329006938,3.6267148824188014,0.35883431549655426,0.0
BCC,non-magnetic,2.43_5000K,dataset/bcc/non-mag/2.43_5000K.npz,128,400,399,7.174409052995837,5000.0,4765.728134422971,2305.361083984375,5595.06982421875,259.56302885662643,233.3520050048828,264.125,-4477.2566474273235,-4477.568563636384,-4477.1693933171055,3.894944258247152,0.3721746364848933,0.0
BCC,non-magnetic,2.43_5500K,dataset/bcc/non-mag/2.43_5500K.npz,128,400,399,7.174409052995837,5500.0,5347.062560576245,3125.996826171875,6462.60498046875,265.6360432330827,233.7550048828125,273.2850036621094,-4477.123327220898,-4477.568427651734,-4476.981814025593,4.154189138832012,0.38274193750385854,0.0
BCC,non-magnetic,2.43_6000K,dataset/bcc/non-mag/2.43_6000K.npz,128,400,399,7.174409052995837,6000.0,5639.351440735628,3134.34326171875,6973.18505859375,266.02614358313997,233.6790008544922,272.8800048828125,-4477.118058887776,-4477.568459734596,-4477.009515742717,4.205282836711504,0.4032747062716722,0.0
BCC,non-magnetic,2.44_4000K,dataset/bcc/non-mag/2.44_4000K.npz,128,400,399,7.26336012908252,4000.0,3742.6611725847824,2097.317138671875,4581.49365234375,238.53175992654977,219.6409912109375,244.135009765625,-4477.538478574835,-4477.698905088018,-4477.445278334181,3.3722468188805927,0.37181814892038156,0.0
BCC,non-magnetic,2.44_4500K,dataset/bcc/non-mag/2.44_4500K.npz,128,400,399,7.26336012908252,4500.0,4346.913587068257,2295.715576171875,5247.25146484375,244.61461392739662,219.7580108642578,250.9560089111328,-4477.405914503905,-4477.6983301869,-4477.282959681627,3.668147261635089,0.3761182868302863,0.0
BCC,non-magnetic,2.44_5000K,dataset/bcc/non-mag/2.44_5000K.npz,128,400,399,7.26336012908252,5000.0,4610.295867843437,2267.6943359375,5701.59521484375,244.08476731532198,220.1020050048828,251.41001892089844,-4477.424429492355,-4477.698108900933,-4477.287241481442,3.7219303350351898,0.39744123366349815,0.0
BCC,non-magnetic,2.44_5500K,dataset/bcc/non-mag/2.44_5500K.npz,128,400,399,7.26336012908252,5500.0,5116.829404443726,3025.16064453125,6307.66748046875,249.8471381012957,219.9189910888672,255.4600067138672,-4477.298212090355,-4477.697999307076,-4477.19107620728,3.953609551822036,0.4686047671155635,0.0
BCC,non-magnetic,2.44_6000K,dataset/bcc/non-mag/2.44_6000K.npz,128,400,399,7.26336012908252,6000.0,5484.531154546523,3181.1494140625,7006.46484375,253.67414909496642,218.66201782226562,263.01800537109375,-4477.2167352206125,-4477.6979210615855,-4477.030221238173,4.1557536878649,0.4424139793859764,0.0
BCC,non-magnetic,2.45_4000K,dataset/bcc/non-mag/2.45_4000K.npz,128,400,399,7.353043416289107,4000.0,3710.6048914400258,2039.8465576171875,4566.4404296875,225.64479298221138,206.47900390625,231.9239959716797,-4477.6444972293,-4477.821894093304,-4477.528187235124,3.226642548045787,0.3809167197474919,0.0
BCC,non-magnetic,2.45_4500K,dataset/bcc/non-mag/2.45_4500K.npz,128,400,399,7.353043416289107,4500.0,4212.365402642348,2589.53857421875,5063.4580078125,228.9611688676036,206.3159942626953,235.02099609375,-4477.575768450361,-4477.821979744331,-4477.459712926401,3.532200780344609,0.3634157451872548,0.0
BCC,non-magnetic,2.45_5000K,dataset/bcc/non-mag/2.45_5000K.npz,128,400,399,7.353043416289107,5000.0,4544.539556288181,3019.162353515625,5711.26708984375,231.10551181114408,205.31101989746094,237.8979949951172,-4477.537129924464,-4477.821973977855,-4477.402847720943,3.6858202503878608,0.39549223415454543,0.0
BCC,non-magnetic,2.45_5500K,dataset/bcc/non-mag/2.45_5500K.npz,128,400,399,7.353043416289107,5500.0,5179.6651987635105,2794.0849609375,6107.80615234375,236.63569736719728,205.8350067138672,246.8520050048828,-4477.411263784434,-4477.821378942438,-4477.21411165109,3.9838004951879507,0.3771306540990642,0.0
BCC,non-magnetic,2.45_6000K,dataset/bcc/non-mag/2.45_6000K.npz,128,400,399,7.353043416289107,6000.0,5638.730501179707,2876.66650390625,6562.0322265625,239.15423622226953,205.218994140625,247.7360076904297,-4477.365110665946,-4477.820740685561,-4477.219529248843,4.171240341423578,0.3989335389278336,0.0
BCC,non-magnetic,2.46_4000K,dataset/bcc/non-mag/2.46_4000K.npz,128,400,399,7.443461915920132,4000.0,3879.7682248834976,1991.7327880859375,4588.38427734375,213.97431609266084,193.73500061035156,219.48501586914062,-4477.737815090983,-4477.939522929618,-4477.645488408084,3.313205027144996,0.36193014236418286,0.0
BCC,non-magnetic,2.46_4500K,dataset/bcc/non-mag/2.46_4500K.npz,128,400,399,7.443461915920132,4500.0,4297.320076925713,2591.242919921875,5171.46142578125,218.50855746544096,192.7670135498047,225.5830078125,-4477.641452003719,-4477.9391139212275,-4477.506217062867,3.4861262808288926,0.3919786360158793,0.0
BCC,non-magnetic,2.46_5000K,dataset/bcc/non-mag/2.46_5000K.npz,128,400,399,7.443461915920132,5000.0,4758.516819392231,3116.9873046875,5880.35595703125,222.03263958235434,193.25601196289062,226.4499969482422,-4477.576960419025,-4477.939093867712,-4477.488025973885,3.703753382352054,0.4249567586711356,0.0
BCC,non-magnetic,2.46_5500K,dataset/bcc/non-mag/2.46_5500K.npz,128,400,399,7.443461915920132,5500.0,5298.273273515821,3078.41259765625,6357.955078125,224.17649695986793,194.0989990234375,231.36900329589844,-4477.520400132241,-4477.938199211549,-4477.399694505924,3.845461338037145,0.40351014490857934,0.0
BCC,non-magnetic,2.46_6000K,dataset/bcc/non-mag/2.46_6000K.npz,128,400,399,7.443461915920132,6000.0,5557.313590372415,3422.04638671875,6821.82275390625,231.65788307285547,193.8140106201172,240.54600524902344,-4477.376615021611,-4477.9384142644085,-4477.210691998335,4.034527310691628,0.5772385681267044,0.0
BCC,non-magnetic,2.47_4000K,dataset/bcc/non-mag/2.47_4000K.npz,128,400,399,7.5346186292801525,4000.0,3891.5030655251408,2501.6279296875,4800.185546875,201.5505541273227,181.24000549316406,208.8070068359375,-4477.867900472424,-4478.050448364288,-4477.730255494857,3.2820902664591602,0.3988392921007634,0.0
BCC,non-magnetic,2.47_4500K,dataset/bcc/non-mag/2.47_4500K.npz,128,400,399,7.5346186292801525,4500.0,4223.079115023887,2534.105712890625,5199.6357421875,204.90913601447465,181.6020050048828,212.0050048828125,-4477.783232938724,-4478.049883996953,-4477.652157599915,3.362913016167914,0.3864946603201539,0.0
BCC,non-magnetic,2.47_5000K,dataset/bcc/non-mag/2.47_5000K.npz,128,400,399,7.5346186292801525,5000.0,4826.277516300517,2722.89306640625,5929.2275390625,208.7691814833715,181.59201049804688,215.35000610351562,-4477.706784088173,-4478.049561754618,-4477.585985531764,3.7323383972670126,0.40381228591904156,0.0
BCC,non-magnetic,2.47_5500K,dataset/bcc/non-mag/2.47_5500K.npz,128,400,399,7.5346186292801525,5500.0,5250.68046091792,3017.889892578125,6136.0576171875,212.2078628348826,181.4300079345703,219.6020050048828,-4477.638504062595,-4478.049223094037,-4477.49192715869,3.876509178035472,0.4473428251556778,0.0
BCC,non-magnetic,2.47_6000K,dataset/bcc/non-mag/2.47_6000K.npz,128,400,399,7.5346186292801525,6000.0,5531.2704294916975,2978.546142578125,6803.19140625,213.3764846151634,182.00900268554688,219.33401489257812,-4477.607563279079,-4478.049707011335,-4477.49939746329,3.923829008857919,0.42061208423667323,0.0
BCC,non-magnetic,2.48_4000K,dataset/bcc/non-mag/2.48_4000K.npz,128,400,399,7.626516557673721,4000.0,3959.4980621720315,2427.192138671875,4811.37939453125,191.29947668089903,169.9600067138672,198.7570037841797,-4477.933811757105,-4478.155780330617,-4477.814853347006,3.2093912647581164,0.3862396080495192,0.0
BCC,non-magnetic,2.48_4500K-1,dataset/bcc/non-mag/2.48_4500K-1.npz,128,400,399,7.626516557673721,4500.0,4220.509168428885,1909.570556640625,5057.31982421875,192.6239300873644,170.3260040283203,197.54100036621094,-4477.909618941192,-4478.155229674206,-4477.7761567279895,3.354295619624768,0.4094299629565718,0.0
BCC,non-magnetic,2.48_4500K,dataset/bcc/non-mag/2.48_4500K.npz,128,400,399,7.626516557673721,4500.0,4220.509168428885,1909.570556640625,5057.31982421875,192.6239300873644,170.3260040283203,197.54100036621094,-4477.909618941192,-4478.155229674206,-4477.7761567279895,3.354295619624768,0.4094299629565718,0.0
BCC,non-magnetic,2.48_5000K,dataset/bcc/non-mag/2.48_5000K.npz,128,400,399,7.626516557673721,5000.0,4671.81799163436,2863.38330078125,5762.09375,197.33388276446732,170.1699981689453,204.3040008544922,-4477.80395586447,-4478.155530194203,-4477.666904374759,3.4983080306759935,0.4253933226700359,0.0
BCC,non-magnetic,2.48_5500K,dataset/bcc/non-mag/2.48_5500K.npz,128,400,399,7.626516557673721,5500.0,5109.915021317944,3179.71435546875,6144.1064453125,201.77547426152051,170.05699157714844,208.0909881591797,-4477.709730934271,-4478.155408836735,-4477.602738103578,3.7128726591210497,0.455203222274413,0.0
BCC,non-magnetic,2.48_6000K,dataset/bcc/non-mag/2.48_6000K.npz,128,400,399,7.626516557673721,6000.0,5751.865815662202,3127.158203125,6867.525390625,206.79107585706208,169.25,215.5500030517578,-4477.604851941555,-4478.155265832398,-4477.436734366081,3.993679104837421,0.479265077151037,0.0
BCC,non-magnetic,2.49_4000K,dataset/bcc/non-mag/2.49_4000K.npz,128,400,399,7.719158702405363,4000.0,3680.4602338365444,2409.898681640625,4385.28271484375,178.50076523400787,158.3470001220703,184.27200317382812,-4478.072795184012,-4478.254928187401,-4477.963240038844,2.9936559215832,0.4093958846231813,0.0
BCC,non-magnetic,2.49_4500K,dataset/bcc/non-mag/2.49_4500K.npz,128,400,399,7.719158702405363,4500.0,4354.352388539709,3023.668212890625,5437.9697265625,182.57853951131491,158.99900817871094,188.96400451660156,-4477.978234593741,-4478.254978456184,-4477.867682846684,3.3332710321809516,0.3890250915950325,0.0
BCC,non-magnetic,2.49_5000K,dataset/bcc/non-mag/2.49_5000K.npz,128,400,399,7.719158702405363,5000.0,4647.437041700932,3068.68017578125,5546.6044921875,185.20798742920533,159.1300048828125,191.4980010986328,-4477.925557042811,-4478.254307566903,-4477.789029874542,3.4798868422597,0.38626377854979216,0.0
BCC,non-magnetic,2.49_5500K,dataset/bcc/non-mag/2.49_5500K.npz,128,400,399,7.719158702405363,5500.0,5195.727063018875,3282.926513671875,6531.01806640625,189.97108826601416,159.2989959716797,198.39599609375,-4477.831281966551,-4478.2543535211935,-4477.670829052769,3.7243414572806626,0.45414978868138883,0.0
BCC,non-magnetic,2.49_6000K,dataset/bcc/non-mag/2.49_6000K.npz,128,400,399,7.719158702405363,6000.0,5822.2106658247185,3423.849365234375,6862.66796875,195.0701688226303,158.59300231933594,201.85501098632812,-4477.717274720964,-4478.25395083201,-4477.602767731038,4.05019055426793,0.4775165796976713,0.0
BCC,non-magnetic,2.50_4000K,dataset/bcc/non-mag/2.50_4000K.npz,128,400,399,7.812548064779654,4000.0,3894.171851748512,2476.350341796875,5024.615234375,168.87715125980233,148.32200622558594,175.55101013183594,-4478.143433028348,-4478.348638010256,-4478.048141925083,3.10435957672479,0.4115095526172926,0.0
BCC,non-magnetic,2.50_4500K,dataset/bcc/non-mag/2.50_4500K.npz,128,400,399,7.812548064779654,4500.0,4258.565480473645,2913.29248046875,5425.462890625,173.03450941501703,148.42300415039062,181.22801208496094,-4478.049143694013,-4478.348509330162,-4477.892069827953,3.2311220547111024,0.3988019146471042,0.0
BCC,non-magnetic,2.50_5000K,dataset/bcc/non-mag/2.50_5000K.npz,128,400,399,7.812548064779654,5000.0,4641.772440745418,2746.384765625,5736.81640625,175.0460959221785,148.6959991455078,181.07701110839844,-4478.008714501599,-4478.348466768792,-4477.90320682749,3.3966320312974814,0.4037022339981425,0.0
BCC,non-magnetic,2.50_5500K,dataset/bcc/non-mag/2.50_5500K.npz,128,400,399,7.812548064779654,5500.0,5062.220371485354,2519.765869140625,6736.91796875,178.11787720491415,148.572998046875,185.48001098632812,-4477.942823460221,-4478.347813140669,-4477.816328720719,3.592415809009293,0.42639309333165926,0.0
BCC,non-magnetic,2.50_6000K,dataset/bcc/non-mag/2.50_6000K.npz,128,400,399,7.812548064779654,6000.0,5763.654501243343,2778.374755859375,7305.1591796875,182.85892802073542,148.27099609375,195.1540069580078,-4477.844230289859,-4478.348026587419,-4477.609676422393,3.8997743395406244,0.4573516170493975,0.0
BCC,non-magnetic,2.51_4000K,dataset/bcc/non-mag/2.51_4000K.npz,128,400,399,7.906687646101105,4000.0,3806.140068188048,2238.184814453125,4635.3017578125,159.1793866073876,138.54100036621094,164.9189910888672,-4478.217560877662,-4478.436141302873,-4478.108744104196,3.007051968801017,0.4086125541737959,0.0
BCC,non-magnetic,2.51_4500K,dataset/bcc/non-mag/2.51_4500K.npz,128,400,399,7.906687646101105,4500.0,4273.3101002016765,2902.901123046875,5333.22509765625,162.77849726091353,138.4980010986328,171.03001403808594,-4478.145669832268,-4478.436401003664,-4477.987216467263,3.1896216124391588,0.42873073925190025,0.0
BCC,non-magnetic,2.51_5000K,dataset/bcc/non-mag/2.51_5000K.npz,128,400,399,7.906687646101105,5000.0,4846.288153244439,3015.822021484375,6159.34814453125,168.02913885666314,136.68499755859375,173.44700622558594,-4478.028314481801,-4478.435901482338,-4477.9375110387855,3.42055880860428,0.4354853958648986,0.0
BCC,non-magnetic,2.51_5500K,dataset/bcc/non-mag/2.51_5500K.npz,128,218,217,7.906687646101105,5500.0,4951.853530250936,3106.811279296875,6056.544921875,167.6547125187887,138.1370086669922,173.7469940185547,-4478.030813687164,-4478.435812064235,-4477.9262627010985,3.410963517173087,0.4196867247144972,0.0
BCC,non-magnetic,2.51_6000K,dataset/bcc/non-mag/2.51_6000K.npz,128,400,399,7.906687646101105,6000.0,5600.089933084665,3428.57177734375,6659.7197265625,173.3670635558011,137.9040069580078,183.27500915527344,-4477.915828212424,-4478.435930736703,-4477.71914145599,3.7378776833218965,0.4812090751274105,0.0
BCC,non-magnetic,2.52_4000K,dataset/bcc/non-mag/2.52_4000K.npz,128,400,399,8.001454429272194,4000.0,3772.9381118812657,2323.0625,4777.76220703125,151.24177272098703,128.7270050048828,156.656005859375,-4478.2692014998065,-4478.519909518127,-4478.190664223092,2.937148407274313,0.45030174586600497,0.0
BCC,non-magnetic,2.52_4500K,dataset/bcc/non-mag/2.52_4500K.npz,128,400,399,8.001454429272194,4500.0,4407.50669581669,2881.228271484375,5268.53369140625,153.29679258724204,128.8249969482422,161.95700073242188,-4478.229774742653,-4478.519628108815,-4478.064612791025,3.2031639553860525,0.4871461815337234,0.0
BCC,non-magnetic,2.52_5000-new,dataset/bcc/non-mag/2.52_5000-new.npz,128,400,399,8.001454429272194,4904.8310546875,5039.016700075384,2410.254150390625,7227.89794921875,162.6633183567745,127.6989974975586,175.6269989013672,-4478.030403654951,-4478.519454432144,-4477.7726666083745,3.5175073122708542,0.6032741076179927,0.0
BCC,non-magnetic,2.52_5000K,dataset/bcc/non-mag/2.52_5000K.npz,128,400,399,8.001454429272194,5000.0,4754.677664620535,3022.32275390625,5772.16357421875,160.24459942122152,128.23800659179688,168.4010009765625,-4478.080824536707,-4478.519626318815,-4477.928717394524,3.383738043290002,0.6509640998711707,0.0
BCC,non-magnetic,2.52_5500K,dataset/bcc/non-mag/2.52_5500K.npz,128,209,208,8.001454429272194,5500.0,5115.7892010028545,3155.6181640625,6015.6533203125,160.84901762008667,127.86400604248047,167.56199645996094,-4478.056989144499,-4478.519370243729,-4477.93956901784,3.3952283846707303,0.5505570804597549,0.0
BCC,non-magnetic,2.52_6000K,dataset/bcc/non-mag/2.52_6000K.npz,128,400,399,8.001454429272194,6000.0,5919.759348321977,3621.822265625,7015.32666015625,167.2423364739669,127.52300262451172,175.36801147460938,-4477.928791851794,-4478.519020744301,-4477.783580804059,3.8613077106677904,0.5961099329453516,0.0
BCC,non-magnetic,2.53_4000K,dataset/bcc/non-mag/2.53_4000K.npz,128,400,399,8.097102450126224,4000.0,3798.8007885925754,2478.7998046875,4537.462890625,139.84797867318443,118.2760009765625,146.71099853515625,-4478.39074350507,-4478.59737519053,-4478.249472479889,2.845959851199533,0.43378883632495957,0.0
BCC,non-magnetic,2.53_4500K,dataset/bcc/non-mag/2.53_4500K.npz,128,400,399,8.097102450126224,4500.0,4245.614903959116,2779.58544921875,5453.177734375,144.8573160960262,119.61100006103516,150.95201110839844,-4478.2848279824375,-4478.597344175928,-4478.1833400202495,3.138502944946611,0.44838875889002633,0.0
BCC,non-magnetic,2.53_5000K,dataset/bcc/non-mag/2.53_5000K.npz,128,400,399,8.097102450126224,5000.0,4796.409216400376,3213.979248046875,5930.39892578125,148.1297671286982,118.93299865722656,157.24400329589844,-4478.2147224041655,-4478.596927062583,-4478.03578278992,3.3216383520921715,0.45000248565621515,0.0
BCC,non-magnetic,2.53_5500K,dataset/bcc/non-mag/2.53_5500K.npz,128,210,209,8.097102450126224,5500.0,5272.796392559435,3180.499267578125,6393.89404296875,153.11276383833453,118.30699920654297,161.2530059814453,-4478.099976562929,-4478.597038243418,-4477.959795614161,3.4770405178952934,0.5037743498109888,0.0
BCC,non-magnetic,2.53_6000K,dataset/bcc/non-mag/2.53_6000K.npz,128,400,399,8.097102450126224,6000.0,5633.945283129699,3398.94189453125,7084.5771484375,156.05415369095957,119.2699966430664,162.78199768066406,-4478.051462121149,-4478.596933088417,-4477.906511164557,3.6712881792733665,0.6052759762568274,0.0
BCC,non-magnetic,2.54_4000K,dataset/bcc/non-mag/2.54_4000K.npz,128,400,399,8.19350968987109,4000.0,3841.876289233827,2262.322021484375,4665.06201171875,131.6783886481646,109.91400146484375,137.58700561523438,-4478.447354959442,-4478.6713475151555,-4478.331455823803,2.900256617350377,0.39296361439383376,0.0
BCC,non-magnetic,2.54_4500K,dataset/bcc/non-mag/2.54_4500K.npz,128,400,399,8.19350968987109,4500.0,4261.011075050908,2871.20556640625,5431.42333984375,136.04690511603104,110.89300537109375,142.3800048828125,-4478.356919803431,-4478.671583429368,-4478.239467374094,3.0220770203566127,0.46131175845796335,0.0
BCC,non-magnetic,2.54_5000K,dataset/bcc/non-mag/2.54_5000K.npz,128,400,399,8.19350968987109,5000.0,4425.756746602835,2946.6806640625,5263.4697265625,140.25573753414298,111.1189956665039,145.8470001220703,-4478.276764700675,-4478.671429747752,-4478.174568394889,3.13516957083811,0.6070279561203651,0.0
BCC,non-magnetic,2.54_5500K,dataset/bcc/non-mag/2.54_5500K.npz,128,171,170,8.19350968987109,5500.0,4817.9936422909,3284.451171875,5507.4736328125,141.31079662547393,110.51100158691406,150.0970001220703,-4478.2369204874785,-4478.6712655546735,-4478.102497479681,3.179720785153423,0.5186278412479053,0.0
BCC,non-magnetic,2.54_6000K,dataset/bcc/non-mag/2.54_6000K.npz,128,400,399,8.19350968987109,6000.0,5655.703300609924,3545.7763671875,6806.431640625,153.3343838952239,111.10100555419922,162.781005859375,-4477.984218173456,-4478.671106235197,-4477.78967027538,3.6728613411338538,0.7694895357720459,0.0
BCC,non-magnetic,2.55_4000K,dataset/bcc/non-mag/2.55_4000K.npz,128,400,399,8.290679149811352,4000.0,3796.5627569901317,2289.42822265625,4716.1650390625,123.23656301092086,102.62300109863281,129.54600524902344,-4478.514899991099,-4478.739952579904,-4478.392291538259,2.819891958645086,0.39533263134893787,0.0
BCC,non-magnetic,2.55_4500K,dataset/bcc/non-mag/2.55_4500K.npz,128,400,399,8.290679149811352,4500.0,4205.7947113878445,2328.533203125,5163.07568359375,127.64801732878338,101.91400146484375,133.54000854492188,-4478.427609305484,-4478.739745913679,-4478.319080633922,3.0054366695788035,0.48707373416325994,0.0
BCC,non-magnetic,2.55_5000K,dataset/bcc/non-mag/2.55_5000K.npz,128,400,399,8.290679149811352,5000.0,4628.606732896695,2912.806396484375,5857.267578125,131.31170235540634,102.64900207519531,138.22801208496094,-4478.346021958815,-4478.739893314355,-4478.218485189863,3.147261304677024,0.5572365731189551,0.0
BCC,non-magnetic,2.55_5500K,dataset/bcc/non-mag/2.55_5500K.npz,128,163,162,8.290679149811352,5500.0,4936.108185944734,2946.911376953125,6190.29541015625,134.02046519149968,102.77900695800781,141.58200073242188,-4478.273582885831,-4478.739403819787,-4478.147743209656,3.1015061753717976,0.49473885076362967,0.0
BCC,non-magnetic,2.55_6000K,dataset/bcc/non-mag/2.55_6000K.npz,128,400,399,8.290679149811352,6000.0,5776.683510534148,3667.594970703125,7008.07470703125,141.75911341693467,102.41800689697266,150.4650115966797,-4478.126497801006,-4478.739229450076,-4477.956155785153,3.6200098085262917,0.7019036820457714,0.0
BCC,non-magnetic,2.85_5000K,dataset/bcc/non-mag/2.85_5000K.npz,128,400,399,5.787299124740515,5000.0,4581.977327351582,1482.2327880859375,5773.61279296875,605.2543260005482,576.1410522460938,611.4879760742188,-4474.151443250243,-4474.769358384902,-4474.030090024803,5.23382099421224,0.1650259160238518,0.0
BCC,non-magnetic,a_2.18_c_3.40_5000K,dataset/bcc/non-mag/a_2.18_c_3.40_5000K.npz,128,400,399,6.996669934405,5000.0,4834.9429065828635,3797.278076171875,5924.11474609375,281.4841710905682,273.60601806640625,299.9490051269531,-4477.210802136532,-4477.391842818867,-4476.738686831822,4.026156888137909,0.4191782418210504,0.0
BCC,non-magnetic,a_2.20_c_3.40_5000K,dataset/bcc/non-mag/a_2.20_c_3.40_5000K.npz,128,400,399,7.125668447713933,5000.0,4863.18948188342,3253.836181640625,6054.53271484375,265.9994723671361,254.30101013183594,282.7640075683594,-4477.264578746563,-4477.541879625098,-4476.883085252854,3.9105646437105337,0.46727238532340243,0.0
FCC,non-magnetic,2.85_4000K,dataset/fcc/non-mag/2.85_4000K.npz,128,400,399,5.787299124740515,4000.0,3764.264257445371,1134.7022705078125,4970.59423828125,599.6416055397282,575.9710083007812,607.0380249023438,-4474.263442117176,-4474.7718284697685,-4474.140282447447,4.6674785864160135,0.1484702656428015,0.0
FCC,non-magnetic,2.85_4500K,dataset/fcc/non-mag/2.85_4500K.npz,128,400,399,5.787299124740515,4500.0,4140.079801860608,1195.0665283203125,5414.8916015625,602.1173713703204,576.1710205078125,609.1730346679688,-4474.215472257464,-4474.77084474415,-4474.0796804628535,4.912048810865231,0.1670152066326653,0.0
FCC,non-magnetic,2.85_5000K,dataset/fcc/non-mag/2.85_5000K.npz,128,400,399,5.787299124740515,5000.0,4581.977327351582,1482.2327880859375,5773.61279296875,605.2543260005482,576.1410522460938,611.4879760742188,-4474.151443250243,-4474.769358384902,-4474.030090024803,5.23382099421224,0.1650259160238518,0.0
FCC,non-magnetic,2.85_5500K,dataset/fcc/non-mag/2.85_5500K.npz,128,400,399,5.787299124740515,5500.0,4805.436419111744,1512.224853515625,6013.96728515625,606.8624321117736,576.7970581054688,614.5490112304688,-4474.116645715438,-4474.768945611561,-4473.990725812697,5.271379917652403,0.18013763709729644,0.0
FCC,non-magnetic,2.85_6000K,dataset/fcc/non-mag/2.85_6000K.npz,128,400,399,5.787299124740515,6000.0,5433.912917670152,1709.5858154296875,7377.12158203125,611.0390897287164,575.9920043945312,619.2940063476562,-4474.027510551771,-4474.768806499727,-4473.855878204434,5.579938199188754,0.1895017824576362,0.0
FCC,non-magnetic,2.85_6500K,dataset/fcc/non-mag/2.85_6500K.npz,128,400,399,5.787299124740515,6500.0,6057.858931080142,1869.2337646484375,7870.73583984375,615.4754611137218,577.0509643554688,624.0070190429688,-4473.935022340318,-4474.766986455545,-4473.763068021888,5.960286578275019,0.20855069286498415,0.0
FCC,non-magnetic,2.90_4000K,dataset/fcc/non-mag/2.90_4000K.npz,128,400,399,6.097230769655054,4000.0,3657.6731021278783,1180.7996826171875,4802.36767578125,490.04718361761337,466.708984375,500.0580139160156,-4475.29119049086,-4475.795946782629,-4475.114808412146,4.194572652805802,0.1685158871009399,0.0
FCC,non-magnetic,2.90_4500K,dataset/fcc/non-mag/2.90_4500K.npz,128,400,399,6.097230769655054,4500.0,4037.834547611705,1222.574951171875,5044.958984375,492.7933839879239,466.8600158691406,499.7759704589844,-4475.240818952875,-4475.794980728467,-4475.114132389904,4.505703855143256,0.17386969088733573,0.0
FCC,non-magnetic,2.90_5000K,dataset/fcc/non-mag/2.90_5000K.npz,128,400,399,6.097230769655054,5000.0,4526.529469425517,1411.725830078125,5904.44091796875,496.2713235267123,467.64703369140625,504.5870056152344,-4475.170261188426,-4475.793698171872,-4475.0150075947695,4.839745714047352,0.1798553111887153,0.0
FCC,non-magnetic,2.90_5500K,dataset/fcc/non-mag/2.90_5500K.npz,128,400,399,6.097230769655054,5500.0,4998.120284231086,1498.6156005859375,6455.8251953125,499.30354542361766,467.2790222167969,506.5370178222656,-4475.107220775691,-4475.793280008337,-4474.969677213999,5.037110255182934,0.1908623872376089,0.0
FCC,non-magnetic,2.90_6000K,dataset/fcc/non-mag/2.90_6000K.npz,128,400,399,6.097230769655054,6000.0,5525.014721863252,1823.8084716796875,6755.54248046875,503.1579341266986,466.322021484375,511.89801025390625,-4475.027289138873,-4475.79231167097,-4474.860355268712,5.303158925705927,0.20789446407203901,0.0
FCC,non-magnetic,2.90_6500K,dataset/fcc/non-mag/2.90_6500K.npz,128,400,399,6.097230769655054,6500.0,5926.328755849585,2065.39404296875,7397.0859375,506.0714450157376,466.8490295410156,517.9720458984375,-4474.967508132041,-4475.791849676908,-4474.74950345147,5.463938557667861,0.21834394736602672,0.0
FCC,non-magnetic,2.95_4000K,dataset/fcc/non-mag/2.95_4000K.npz,128,400,399,6.418121147386244,4000.0,3607.074084442062,1212.9512939453125,4688.83447265625,398.502118944823,374.4440002441406,404.0159912109375,-4476.155709816025,-4476.655453378765,-4476.047682008183,3.928078704576523,0.17654992157345187,0.0
FCC,non-magnetic,2.95_4500K,dataset/fcc/non-mag/2.95_4500K.npz,128,400,399,6.418121147386244,4500.0,4046.270461921405,1300.7032470703125,4984.43896484375,401.8006394465167,374.6610107421875,408.5500183105469,-4476.089930117631,-4476.6544332228395,-4475.962705469207,4.2212387007968815,0.186599837823893,0.0
FCC,non-magnetic,2.95_5000K,dataset/fcc/non-mag/2.95_5000K.npz,128,400,399,6.418121147386244,5000.0,4742.578221983181,1494.1103515625,5957.84521484375,406.60161313317474,375.18701171875,413.677001953125,-4475.99143648429,-4476.653684159286,-4475.854129881218,4.525308153332768,0.21618070002132353,0.0
FCC,non-magnetic,2.95_5500K,dataset/fcc/non-mag/2.95_5500K.npz,128,400,399,6.418121147386244,5500.0,5119.306294300203,1774.0244140625,6149.640625,409.4596875030594,375.1280212402344,415.7330017089844,-4475.934725492053,-4476.653293954388,-4475.805370933837,4.723666264163578,0.21700870403454528,0.0
FCC,non-magnetic,2.95_6000K,dataset/fcc/non-mag/2.95_6000K.npz,128,400,399,6.418121147386244,6000.0,5489.153620134321,1845.9466552734375,6959.15673828125,412.57772414128584,375.1449890136719,425.17901611328125,-4475.87026101134,-4476.6523637427235,-4475.616408182509,4.917350429758943,0.22712323786632682,0.0
FCC,non-magnetic,2.95_6500K,dataset/fcc/non-mag/2.95_6500K.npz,128,400,399,6.418121147386244,6500.0,5925.793900645168,2091.930908203125,7852.52734375,415.6359617763892,375.0360107421875,429.72100830078125,-4475.800169645715,-4476.652070468821,-4475.5230442695165,5.0703931984314226,0.2513750124611667,0.0
FCC,non-magnetic,3.00_4000K,dataset/fcc/non-mag/3.00_4000K.npz,128,400,399,6.749987948699021,4000.0,3652.4349258155153,1049.6031494140625,4837.39404296875,322.8418406245105,299.2740173339844,326.3360290527344,-4476.859619413757,-4477.367490159022,-4476.7848192139845,3.713112039170754,0.18598854490908567,0.0
FCC,non-magnetic,3.00_4500K,dataset/fcc/non-mag/3.00_4500K.npz,128,400,399,6.749987948699021,4500.0,4070.144825258948,1373.591552734375,5119.90869140625,326.0376892089844,299.28302001953125,331.61102294921875,-4476.796246863424,-4477.3672595871685,-4476.696067769106,3.9692839198583494,0.20155855729886568,0.0
FCC,non-magnetic,3.00_5000K,dataset/fcc/non-mag/3.00_5000K.npz,128,400,399,6.749987948699021,5000.0,4575.075124334273,1539.6376953125,5720.4990234375,329.58640474783147,298.6860046386719,336.97601318359375,-4476.723868933416,-4477.366542356684,-4476.594742984434,4.212617861907871,0.21440769338877924,0.0
FCC,non-magnetic,3.00_5500K,dataset/fcc/non-mag/3.00_5500K.npz,128,400,399,6.749987948699021,5500.0,4954.002046130952,1892.4783935546875,5902.568359375,332.9644861818854,298.6940002441406,341.5299987792969,-4476.648777968213,-4477.365402656676,-4476.487929062638,4.295094916324289,0.23153334855637991,0.0
FCC,non-magnetic,3.00_6000K,dataset/fcc/non-mag/3.00_6000K.npz,128,400,399,6.749987948699021,6000.0,5540.656250611882,2178.47021484375,6935.19970703125,336.7575518385808,298.4200134277344,346.0010070800781,-4476.570429282255,-4477.365375497375,-4476.382210858321,4.615441330260499,0.25306995766080037,0.0
FCC,non-magnetic,3.00_6500K,dataset/fcc/non-mag/3.00_6500K.npz,128,400,399,6.749987948699021,6500.0,5872.0253998032185,2085.965576171875,7373.62548828125,340.657880663573,299.6360168457031,350.4159851074219,-4476.4852741676805,-4477.364694395319,-4476.290732944171,4.640169754534822,0.2853740663740031,0.0
FCC,non-magnetic,3.05_4000K,dataset/fcc/non-mag/3.05_4000K.npz,128,400,399,7.0931943511408475,4000.0,3630.444668494968,1307.594970703125,4437.63623046875,259.44832590050567,234.7639923095703,265.3830261230469,-4477.441185098627,-4477.95504525235,-4477.322589214314,3.472219476146311,0.20632189661898792,0.0
FCC,non-magnetic,3.05_4500K,dataset/fcc/non-mag/3.05_4500K.npz,128,400,399,7.0931943511408475,4500.0,4102.406979668409,1673.1324462890625,4970.68505859375,262.95996667388687,234.91299438476562,268.4090270996094,-4477.3698619133365,-4477.9546508647645,-4477.262151620505,3.695196237740894,0.22314843681275107,0.0
FCC,non-magnetic,3.05_5000K,dataset/fcc/non-mag/3.05_5000K.npz,128,400,399,7.0931943511408475,5000.0,4608.745476055862,1727.4847412109375,5911.5478515625,266.72691551724773,234.47300720214844,273.4020080566406,-4477.297287643241,-4477.953771276907,-4477.165486440232,4.020881556212956,0.22911878646652598,0.0
FCC,non-magnetic,3.05_5500K,dataset/fcc/non-mag/3.05_5500K.npz,128,400,399,7.0931943511408475,5500.0,5004.16920627986,1730.18603515625,6026.6162109375,269.40383544004055,234.5850067138672,278.760009765625,-4477.238593698732,-4477.953646814578,-4477.048892797322,4.086007764653754,0.24648756684579912,0.0
FCC,non-magnetic,3.05_6000K,dataset/fcc/non-mag/3.05_6000K.npz,128,400,399,7.0931943511408475,6000.0,5537.521955523574,1833.861572265625,7424.8125,274.6508140468358,234.4639892578125,283.00201416015625,-4477.11876742386,-4477.952881847244,-4476.930927029839,4.2886573130498045,0.299362210984796,0.0
FCC,non-magnetic,3.05_6500K,dataset/fcc/non-mag/3.05_6500K.npz,128,400,399,7.0931943511408475,6500.0,5884.483245467183,2199.10986328125,7222.14599609375,276.78893828810305,235.2939910888672,285.614990234375,-4477.082022903597,-4477.952739525318,-4476.911080625477,4.492540178954392,0.29400896147915256,0.0
FCC,non-magnetic,3.10_4000K,dataset/fcc/non-mag/3.10_4000K.npz,128,400,399,7.447746238056165,4000.0,3640.8241474658325,1216.5799560546875,4345.251953125,206.9215492114686,182.2519989013672,214.0649871826172,-4477.912608249698,-4478.430232442875,-4477.770313418732,3.265329350374352,0.21914088389532607,0.0
FCC,non-magnetic,3.10_4500K,dataset/fcc/non-mag/3.10_4500K.npz,128,400,399,7.447746238056165,4500.0,4042.1842050193845,1470.3167724609375,5074.70166015625,209.62791989739975,182.2740020751953,215.3090057373047,-4477.847522748289,-4478.429855958469,-4477.734623337925,3.378711702906745,0.25233717552091695,0.0
FCC,non-magnetic,3.10_5000K,dataset/fcc/non-mag/3.10_5000K.npz,128,400,399,7.447746238056165,5000.0,4629.133973544702,1694.9410400390625,5622.8095703125,214.83964982188135,182.00900268554688,222.47900390625,-4477.741286625986,-4478.429437626989,-4477.596242666015,3.6367812918192857,0.2712613948416307,0.0
FCC,non-magnetic,3.10_5500K,dataset/fcc/non-mag/3.10_5500K.npz,128,400,399,7.447746238056165,5500.0,5129.014155261199,2050.2314453125,6406.06689453125,217.86586790156542,181.9300079345703,225.94200134277344,-4477.682430324127,-4478.428503357001,-4477.529459392931,3.8767670270213697,0.27455257709842873,0.0
FCC,non-magnetic,3.10_6000K,dataset/fcc/non-mag/3.10_6000K.npz,128,400,399,7.447746238056165,6000.0,5281.879979795681,1864.94580078125,6543.35546875,219.64836078538633,181.031005859375,227.5340118408203,-4477.644227137461,-4478.4280171278,-4477.493137001359,3.980234953043699,0.2955099150534655,0.0
FCC,non-magnetic,3.10_6500K,dataset/fcc/non-mag/3.10_6500K.npz,128,400,399,7.447746238056165,6500.0,6163.0939623228,2383.489013671875,7445.5361328125,230.06069976883126,182.07400512695312,240.32400512695312,-4477.415432769886,-4478.428399438207,-4477.2182525915905,4.271235115367046,0.4184135468279197,0.0
FCC,non-magnetic,3.15_4000K,dataset/fcc/non-mag/3.15_4000K.npz,128,400,399,7.813920341086132,4000.0,3778.9497137619437,1207.9114990234375,4855.59619140625,164.2357876808721,137.60400390625,170.23800659179688,-4478.266858575212,-4478.80823573183,-4478.156379902682,3.125759707273722,0.23833241565432486,0.0
FCC,non-magnetic,3.15_4500K,dataset/fcc/non-mag/3.15_4500K.npz,128,400,399,7.813920341086132,4500.0,4217.76286449767,1493.2515869140625,5023.52587890625,168.1932316065432,137.21400451660156,173.58700561523438,-4478.181906155091,-4478.807851646305,-4478.081306502273,3.266073316728844,0.27487575771241785,0.0
FCC,non-magnetic,3.15_5000K,dataset/fcc/non-mag/3.15_5000K.npz,128,400,399,7.813920341086132,5000.0,4444.1741759794995,1621.850830078125,5528.10107421875,169.48199558497072,136.85400390625,176.0850067138672,-4478.154219275329,-4478.807339552467,-4478.058285222201,3.391251884486941,0.28546905037683634,0.0
FCC,non-magnetic,3.15_5500K,dataset/fcc/non-mag/3.15_5500K.npz,128,400,399,7.813920341086132,5500.0,5203.61040969122,2056.930908203125,6380.22802734375,176.06551645991198,136.6160125732422,183.42100524902344,-4478.008730311964,-4478.807473587677,-4477.862866326127,3.6217458707880796,0.33109695335549094,0.0
FCC,non-magnetic,3.15_6000K,dataset/fcc/non-mag/3.15_6000K.npz,128,400,399,7.813920341086132,6000.0,5507.725931650415,2323.760986328125,6825.80419921875,177.85209055353226,138.06600952148438,190.19200134277344,-4477.977782315085,-4478.806842447214,-4477.747320630896,3.8465345046714146,0.32408162924505723,0.0
FCC,non-magnetic,3.15_6500K,dataset/fcc/non-mag/3.15_6500K.npz,128,400,399,7.813920341086132,6500.0,5747.3319975965305,2640.83984375,7611.0078125,188.36553943605352,138.60800170898438,202.17300415039062,-4477.740090194543,-4478.806500158804,-4477.446788297181,3.8915111969710576,0.5332316706367405,0.0
FCC,non-magnetic,3.20_4000K,dataset/fcc/non-mag/3.20_4000K.npz,128,400,399,8.19200569458157,4000.0,3751.484744882225,1448.603515625,4682.880859375,127.99426806839486,101.0250015258789,135.64300537109375,-4478.558228831317,-4479.102735998556,-4478.4035083968365,2.889679162391124,0.2656893374981848,0.0
FCC,non-magnetic,3.20_4500K,dataset/fcc/non-mag/3.20_4500K.npz,128,400,399,8.19200569458157,4500.0,4101.557268415178,1613.5333251953125,5163.5732421875,130.98722630933412,101.84300231933594,135.51300048828125,-4478.487979813812,-4479.102448913119,-4478.39340544166,2.935311168972888,0.3088720798953915,0.0
FCC,non-magnetic,3.20_5000K,dataset/fcc/non-mag/3.20_5000K.npz,128,400,399,8.19200569458157,5000.0,4497.04749850701,1679.8482666015625,5597.90673828125,134.8750504802044,101.86199951171875,142.1420135498047,-4478.406843852922,-4479.102272237881,-4478.2638028418705,3.117356139451056,0.34487551500213914,0.0
FCC,non-magnetic,3.20_5500K,dataset/fcc/non-mag/3.20_5500K.npz,128,400,399,8.19200569458157,5500.0,5146.77622217164,2361.06689453125,6118.19873046875,140.59166939336257,101.08900451660156,152.7310028076172,-4478.285097959541,-4479.1021053374825,-4478.041064210628,3.3946727172184064,0.49089040777818554,0.0
FCC,non-magnetic,3.20_6000K,dataset/fcc/non-mag/3.20_6000K.npz,128,400,399,8.19200569458157,6000.0,5292.655154120654,2496.010498046875,6417.6982421875,149.58310045514787,102.00399780273438,161.30999755859375,-4478.082153293258,-4479.101581126075,-4477.890897038475,3.48741902751616,0.6531564499119719,0.0
FCC,non-magnetic,3.20_6500K,dataset/fcc/non-mag/3.20_6500K.npz,128,400,399,8.19200569458157,6500.0,5756.122452738291,2615.91162109375,6971.94677734375,150.8035039877832,101.28400421142578,163.0959930419922,-4478.063132663705,-4479.1013959696,-4477.825437947966,3.712051366387591,0.5340269384499553,0.0
HCP,non-magnetic,a_2.10_c_3.36_5000K,dataset/hcp/a_2.10_c_3.36_5000K.npz,128,400,399,6.416206571563002,5000.0,5011.491409798911,3423.90234375,5817.43994140625,409.7263190477414,402.1700134277344,426.46002197265625,-4475.975326619654,-4476.1598541527,-4475.538478491134,4.418240390233211,0.46182917931485173,0.0
HCP,non-magnetic,a_2.10_c_3.38_5000K,dataset/hcp/a_2.10_c_3.38_5000K.npz,128,400,399,6.45439899156756,5000.0,4926.037369424538,3382.063232421875,6417.4326171875,399.6186706237028,390.052001953125,417.12701416015625,-4476.085680067838,-4476.286729827217,-4475.635260911026,4.4728768859182,0.4612591608829983,0.0
HCP,non-magnetic,a_2.11_c_3.38_5000K,dataset/hcp/a_2.11_c_3.38_5000K.npz,128,400,399,6.516029695097799,5000.0,4927.517710903235,3345.85498046875,6557.95947265625,387.35503362593494,380.0030212402344,403.2919921875,-4476.158465782878,-4476.329780531606,-4475.742143315166,4.384332703902921,0.493986909762842,0.0
HCP,non-magnetic,a_2.11_c_3.39_5000K,dataset/hcp/a_2.11_c_3.39_5000K.npz,128,400,399,6.535306219544157,5000.0,4970.252199101269,3125.468017578125,6482.5205078125,380.96275088661594,373.4169921875,396.8330078125,-4476.233887895832,-4476.391021156801,-4475.816360758042,4.323074358712915,0.4669980946600488,0.0
HCP,non-magnetic,a_2.11_c_3.40_5000K,dataset/hcp/a_2.11_c_3.40_5000K.npz,128,400,399,6.554583228897922,5000.0,4911.467073445332,3273.345947265625,5895.873046875,376.6038575136572,365.7649841308594,392.7879943847656,-4476.274965949407,-4476.513659093752,-4475.858549940384,4.288398963865083,0.6076358252728579,0.0
HCP,non-magnetic,a_2.12_c_3.38_5000K,dataset/hcp/a_2.12_c_3.38_5000K.npz,128,400,399,6.577952926243849,5000.0,4811.034120946899,3733.556884765625,6335.94580078125,367.40149247018917,359.2439880371094,383.1139831542969,-4476.4311299786805,-4476.610847537287,-4475.98906831811,4.298713245498391,0.4664753543566743,0.0
HCP,non-magnetic,a_2.12_c_3.40_5000K,dataset/hcp/a_2.12_c_3.40_5000K.npz,128,400,399,6.616875809021812,5000.0,4988.918611225329,4129.8291015625,6236.2568359375,362.8692786807106,354.0450134277344,383.41400146484375,-4476.395044703443,-4476.584358339327,-4475.90845766532,4.347539888544828,0.44968636161897607,0.0
HCP,non-magnetic,a_2.12_c_3.42_5000K,dataset/hcp/a_2.12_c_3.42_5000K.npz,128,400,399,6.655799183635332,5000.0,4990.2906809259475,3944.895263671875,6351.33056640625,352.39493073198133,343.5050048828125,373.7790222167969,-4476.52147655756,-4476.7103885773395,-4475.992101703115,4.2173835384302425,0.4712176997128402,0.0
HCP,non-magnetic,a_2.12_c_3.44_5000K,dataset/hcp/a_2.12_c_3.44_5000K.npz,128,400,399,6.694722066413295,5000.0,5021.708474066025,4172.0947265625,6616.36083984375,345.7603768943844,335.1620178222656,364.20501708984375,-4476.5578188530235,-4476.809610371498,-4476.146005120809,4.178849255629742,0.6025847043278965,0.0
HCP,non-magnetic,a_2.14_c_3.40_5000K,dataset/hcp/a_2.14_c_3.40_5000K.npz,128,400,399,6.7423370361714,5000.0,4853.892898750783,3047.63525390625,6271.6611328125,329.92176065468846,321.9850158691406,349.78302001953125,-4476.774258259747,-4476.969091048687,-4476.270178829058,4.243024911747831,0.4110427259099344,0.0
HCP,non-magnetic,a_2.14_c_3.42_5000K,dataset/hcp/a_2.14_c_3.42_5000K.npz,128,400,399,6.781998244002079,5000.0,5019.069122390938,3525.908203125,6007.1435546875,326.4462340696712,319.2480163574219,343.9209899902344,-4476.74848571215,-4476.913094159621,-4476.299211847299,4.244312087711705,0.46001040051328673,0.0
HCP,non-magnetic,a_2.14_c_3.44_5000K,dataset/hcp/a_2.14_c_3.44_5000K.npz,128,400,399,6.822274539108759,5000.0,4990.680399729793,3928.59765625,5917.515625,319.2727381197133,308.43798828125,337.5830078125,-4476.803002154014,-4477.054858439829,-4476.372004441416,4.172451558535888,0.44599107252561354,0.0
HCP,non-magnetic,a_2.14_c_3.46_5000K,dataset/hcp/a_2.14_c_3.46_5000K.npz,128,400,399,6.861935778579064,5000.0,5032.531978750588,4091.905029296875,6314.91162109375,314.3834821275601,305.1929931640625,327.56500244140625,-4476.8034289876505,-4477.006227542216,-4476.482789302703,4.072001076218032,0.4655450943317624,0.0
HCP,non-magnetic,a_2.16_c_3.40_5000K,dataset/hcp/a_2.16_c_3.40_5000K.npz,128,400,399,6.868851631374117,5000.0,4986.685005971961,3588.21142578125,6244.56396484375,308.10559892773927,298.8520202636719,325.21002197265625,-4476.936274464738,-4477.1612466564975,-4476.493942613128,4.072548060513005,0.5210548123500831,0.0
HCP,non-magnetic,a_2.16_c_3.42_5000K,dataset/hcp/a_2.16_c_3.42_5000K.npz,128,400,399,6.909255447573913,5000.0,5021.594158124804,3374.204833984375,6319.07763671875,299.57465020277743,291.4230041503906,314.281005859375,-4477.01411936352,-4477.196376196572,-4476.616166913627,4.049592063567954,0.42769614977824444,0.0
HCP,non-magnetic,a_2.16_c_3.44_5000K,dataset/hcp/a_2.16_c_3.44_5000K.npz,128,400,399,6.949663425361579,5000.0,4905.593205425674,3466.125732421875,6162.3505859375,293.5910769202058,285.3399963378906,306.2489929199219,-4477.048358143396,-4477.253236715505,-4476.727447515347,3.8421066917976057,0.5211363342193541,0.0
HCP,non-magnetic,a_2.18_c_3.40_5000K,dataset/hcp/a_2.18_c_3.40_5000K.npz,128,400,399,6.996669934405,5000.0,4834.9429065828635,3797.278076171875,5924.11474609375,281.4841710905682,273.60601806640625,299.9490051269531,-4477.210802136532,-4477.391842818867,-4476.738686831822,4.026156888137909,0.4191782418210504,0.0
HCP,non-magnetic,a_2.18_c_3.42_5000K,dataset/hcp/a_2.18_c_3.42_5000K.npz,128,400,399,7.037825369307295,5000.0,4906.1987335281565,3220.9462890625,6003.65576171875,278.72963766227093,270.07501220703125,294.7279968261719,-4477.188259953345,-4477.398816609212,-4476.812040065526,3.9804551715224257,0.5070396083768011,0.0
HCP,non-magnetic,a_2.18_c_3.46_5000K,dataset/hcp/a_2.18_c_3.46_5000K.npz,128,400,399,7.120141052175212,5000.0,4868.117153234649,3055.517333984375,6045.94189453125,265.61286830663084,258.6189880371094,279.5400085449219,-4477.287925662427,-4477.453228753926,-4476.940283929594,3.8107038114473246,0.5760377662623024,0.0
HCP,non-magnetic,a_2.20_c_3.40_5000K,dataset/hcp/a_2.20_c_3.40_5000K.npz,128,400,399,7.125668447713933,5000.0,4863.18948188342,3253.836181640625,6054.53271484375,265.9994723671361,254.30101013183594,282.7640075683594,-4477.264578746563,-4477.541879625098,-4476.883085252854,3.9105646437105337,0.46727238532340243,0.0
HCP,non-magnetic,a_2.20_c_3.42_5000K,dataset/hcp/a_2.20_c_3.42_5000K.npz,128,400,399,7.1675802452451975,5000.0,5018.086419050556,3666.384033203125,6751.97802734375,257.8845359400699,249.36900329589844,269.72100830078125,-4477.353623927685,-4477.556714999578,-4477.038147452539,3.7788195286994997,0.6841835984467504,0.0
BCC,collinear DLM,simulation,dataset/bcc/magnetic-collinear/simulation.npz,128,113,112,8.290679149811352,4043.7193603515625,4038.6346108572825,3510.244873046875,4626.2802734375,125.88378715515137,123.10799407958984,128.46299743652344,-4478.485738113049,-4478.544591197643,-4478.425637914081,2.9556302589890877,0.41621118920922334,0.2134235491976142
BCC,noncollinear,simulation,dataset/bcc/magnetic-non_coll/simulation.npz,128,2,2,8.290679149811352,4049.513916015625,4049.513916015625,4000.0,4099.02783203125,124.11800003051758,121.86199951171875,126.3740005493164,-4478.4678615267985,-4478.470411859211,-4478.465311194385,3.0742189555751898,0.006732882886427,0.3949218690395355
