phase,magnetic_state,category,source,path,natoms,total_frames,valid_frames,invalid_frames,valid_fraction,finite_energy_fraction,finite_temperature_fraction,finite_pressure_fraction,finite_force_fraction,finite_position_fraction,force_outlier_frames,force_outlier_fraction,force_outlier_threshold_eV_A,median_force_rms_eV_A,target_temperature_K,median_temperature_K,median_temperature_deviation_K,pressure_min_GPa,pressure_median_GPa,pressure_max_GPa,volume_per_atom_A3
BCC,non-magnetic,BCC nonmagnetic,2.29_4000K,dataset/bcc/non-mag/2.29_4000K.npz,128,400,399,1,0.9975,0.9975,1.0,0.9975,0.9975,1.0,0,0.0,5.49447732839711,4.471139736467244,4000.0,3866.247802734375,-133.752197265625,510.4859924316406,528.4960327148438,538.5289916992188,6.004503551996008
BCC,non-magnetic,BCC nonmagnetic,2.29_4500K,dataset/bcc/non-mag/2.29_4500K.npz,128,400,399,1,0.9975,0.9975,1.0,0.9975,0.9975,1.0,0,0.0,5.577743833159715,4.622178164447853,4500.0,4236.72998046875,-263.27001953125,509.7470397949219,531.5240478515625,540.0480346679688,6.004503551996008
BCC,non-magnetic,BCC nonmagnetic,2.29_5000K,dataset/bcc/non-mag/2.29_5000K.npz,128,400,399,1,0.9975,0.9975,1.0,0.9975,0.9975,1.0,0,0.0,6.1053675673526335,4.899928978910736,5000.0,4780.55419921875,-219.44580078125,508.2919921875,536.2670288085938,544.4130249023438,6.004503551996008
BCC,non-magnetic,BCC nonmagnetic,2.29_5500K,dataset/bcc/non-mag/2.29_5500K.npz,128,400,399,1,0.9975,0.9975,1.0,0.9975,0.9975,1.0,0,0.0,7.134257661850407,5.1572454932729075,5500.0,5275.11083984375,-224.88916015625,509.1180114746094,539.3759765625,546.3259887695312,6.004503551996008
BCC,non-magnetic,BCC nonmagnetic,2.29_6000K,dataset/bcc/non-mag/2.29_6000K.npz,128,400,399,1,0.9975,0.9975,1.0,0.9975,0.9975,1.0,0,0.0,6.8329806586440895,5.482050495185388,6000.0,5722.583984375,-277.416015625,509.9870300292969,543.5490112304688,551.2940063476562,6.004503551996008
BCC,non-magnetic,BCC nonmagnetic,2.30_4000K,dataset/bcc/non-mag/2.30_4000K.npz,128,400,399,1,0.9975,0.9975,1.0,0.9975,0.9975,1.0,0,0.0,5.46587224829697,4.349116152777584,4000.0,3908.99853515625,-91.00146484375,482.7509765625,504.3110046386719,511.4859924316406,6.0835206313290255
BCC,non-magnetic,BCC nonmagnetic,2.30_4500K,dataset/bcc/non-mag/2.30_4500K.npz,128,400,399,1,0.9975,0.9975,1.0,0.9975,0.9975,1.0,0,0.0,5.4178413331972735,4.502710675910151,4500.0,4067.182373046875,-432.817626953125,482.98199462890625,504.16900634765625,511.64703369140625,6.0835206313290255
BCC,non-magnetic,BCC nonmagnetic,2.30_5000K,dataset/bcc/non-mag/2.30_5000K.npz,128,400,399,1,0.9975,0.9975,1.0,0.9975,0.9975,1.0,0,0.0,5.4178413331972735,4.502710675910151,5000.0,4067.182373046875,-932.817626953125,482.98199462890625,504.16900634765625,511.64703369140625,6.0835206313290255
BCC,non-magnetic,BCC nonmagnetic,2.30_5500K,dataset/bcc/non-mag/2.30_5500K.npz,128,400,399,1,0.9975,0.9975,1.0,0.9975,0.9975,1.0,0,0.0,6.230472238759825,5.068992908918644,5500.0,5207.76611328125,-292.23388671875,483.68902587890625,513.0990600585938,520.8980102539062,6.0835206313290255
BCC,non-magnetic,BCC nonmagnetic,2.30_6000K,dataset/bcc/non-mag/2.30_6000K.npz,128,400,399,1,0.9975,0.9975,1.0,0.9975,0.9975,1.0,0,0.0,6.3172400253970835,5.421469404919979,6000.0,5768.98388671875,-231.01611328125,482.58599853515625,517.1740112304688,523.9039916992188,6.0835206313290255
BCC,non-magnetic,BCC nonmagnetic,2.31_4000K,dataset/bcc/non-mag/2.31_4000K.npz,128,400,399,1,0.9975,0.9975,1.0,0.9975,0.9975,1.0,0,0.0,5.153025401749972,4.135487666296276,4000.0,3803.72509765625,-196.27490234375,458.7959899902344,477.2879943847656,484.9580078125,6.16322791145826
BCC,non-magnetic,BCC nonmagnetic,2.31_4500K,dataset/bcc/non-mag/2.31_4500K.npz,128,400,399,1,0.9975,0.9975,1.0,0.9975,0.9975,1.0,0,0.0,5.7359352263799535,4.4981553802668,4500.0,4250.7109375,-249.2890625,458.9660339355469,480.1730041503906,487.41802978515625,6.16322791145826
BCC,non-magnetic,BCC nonmagnetic,2.31_5000K,dataset/bcc/non-mag/2.31_5000K.npz,128,400,399,1,0.9975,0.9975,1.0,0.9975,0.9975,1.0,0,0.0,5.971421457420537,4.809355082256797,5000.0,4707.67822265625,-292.32177734375,458.23101806640625,483.43798828125,491.7549743652344,6.16322791145826
BCC,non-magnetic,BCC nonmagnetic,2.31_5500K,dataset/bcc/non-mag/2.31_5500K.npz,128,400,399,1,0.9975,0.9975,1.0,0.9975,0.9975,1.0,0,0.0,6.277754094467369,5.0724181887725805,5500.0,5242.5908203125,-257.4091796875,457.44903564453125,488.5009765625,498.5169982910156,6.16322791145826
BCC,non-magnetic,BCC nonmagnetic,2.31_6000K,dataset/bcc/non-mag/2.31_6000K.npz,128,400,399,1,0.9975,0.9975,1.0,0.9975,0.9975,1.0,0,0.0,7.014395249344238,5.260064692541169,6000.0,5525.9208984375,-474.0791015625,458.843017578125,491.3580017089844,498.7970275878906,6.16322791145826
BCC,non-magnetic,BCC nonmagnetic,2.32_4000K,dataset/bcc/non-mag/2.32_4000K.npz,128,400,399,1,0.9975,0.9975,1.0,0.9975,0.9975,1.0,0,0.0,5.142761817294997,4.106609798713284,4000.0,3679.926025390625,-320.073974609375,434.7950134277344,452.2439880371094,458.7680358886719,6.243628393688242
BCC,non-magnetic,BCC nonmagnetic,2.32_4500K,dataset/bcc/non-mag/2.32_4500K.npz,128,400,399,1,0.9975,0.9975,1.0,0.9975,0.9975,1.0,0,0.0,5.620314523332299,4.525704530002601,4500.0,4254.58447265625,-245.41552734375,435.2680358886719,458.3310241699219,463.7890319824219,6.243628393688242
BCC,non-magnetic,BCC nonmagnetic,2.32_5000K,dataset/bcc/non-mag/2.32_5000K.npz,128,400,399,1,0.9975,0.9975,1.0,0.9975,0.9975,1.0,0,0.0,5.56452309324095,4.691538740882764,5000.0,4725.05224609375,-274.94775390625,433.74200439453125,460.3000183105469,470.0810241699219,6.243628393688242
BCC,non-magnetic,BCC nonmagnetic,2.32_5500K,dataset/bcc/non-mag/2.32_5500K.npz,128,400,399,1,0.9975,0.9975,1.0,0.9975,0.9975,1.0,0,0.0,6.242159446076856,5.0782929159364425,5500.0,5448.58984375,-51.41015625,434.083984375,466.239990234375,472.23199462890625,6.243628393688242
BCC,non-magnetic,BCC nonmagnetic,2.32_6000K,dataset/bcc/non-mag/2.32_6000K.npz,128,400,399,1,0.9975,0.9975,1.0,0.9975,0.9975,1.0,0,0.0,6.680297661430499,5.058548133579652,6000.0,5502.2109375,-497.7890625,434.375,467.1310119628906,476.1340026855469,6.243628393688242
BCC,non-magnetic,BCC nonmagnetic,2.33_4000K,dataset/bcc/non-mag/2.33_4000K.npz,128,400,399,1,0.9975,0.9975,1.0,0.9975,0.9975,1.0,0,0.0,5.363341276608427,4.203265510679625,4000.0,4029.96728515625,29.96728515625,413.0450134277344,433.0690002441406,438.6210021972656,6.324617347411708
BCC,non-magnetic,BCC nonmagnetic,2.33_4500K,dataset/bcc/non-mag/2.33_4500K.npz,128,400,399,1,0.9975,0.9975,1.0,0.9975,0.9975,1.0,0,0.0,6.266719582304981,4.494178757591356,4500.0,4435.15283203125,-64.84716796875,412.70098876953125,435.625,445.8059997558594,6.324617347411708
BCC,non-magnetic,BCC nonmagnetic,2.33_5000K,dataset/bcc/non-mag/2.33_5000K.npz,128,400,399,1,0.9975,0.9975,1.0,0.9975,0.9975,1.0,0,0.0,5.989373003290227,4.7168999588931095,5000.0,4775.12353515625,-224.87646484375,413.1750183105469,438.4880065917969,447.3830261230469,6.324617347411708
BCC,non-magnetic,BCC nonmagnetic,2.33_5500K,dataset/bcc/non-mag/2.33_5500K.npz,128,400,399,1,0.9975,0.9975,1.0,0.9975,0.9975,1.0,0,0.0,6.080732781913607,4.794668811370469,5500.0,5052.50830078125,-447.49169921875,411.98199462890625,440.8399963378906,449.3799743652344,6.324617347411708
BCC,non-magnetic,BCC nonmagnetic,2.33_6000K,dataset/bcc/non-mag/2.33_6000K.npz,128,400,399,1,0.9975,0.9975,1.0,0.9975,0.9975,1.0,0,0.0,6.776713875383166,5.204589037857834,6000.0,6065.51171875,65.51171875,411.208984375,449.5700378417969,457.8410339355469,6.324617347411708
BCC,non-magnetic,BCC nonmagnetic,2.34_4000K,dataset/bcc/non-mag/2.34_4000K.npz,128,400,399,1,0.9975,0.9975,1.0,0.9975,0.9975,1.0,0,0.0,4.992923278216745,4.036525846674148,4000.0,3830.880859375,-169.119140625,390.6540222167969,408.7019958496094,417.2669982910156,6.406412310900512
BCC,non-magnetic,BCC nonmagnetic,2.34_4500K,dataset/bcc/non-mag/2.34_4500K.npz,128,400,399,1,0.9975,0.9975,1.0,0.9975,0.9975,1.0,0,0.0,5.959452231253254,4.355932266066711,4500.0,4390.99462890625,-109.00537109375,389.88702392578125,414.2879943847656,420.6930236816406,6.406412310900512
BCC,non-magnetic,BCC nonmagnetic,2.34_5000K,dataset/bcc/non-mag/2.34_5000K.npz,128,400,399,1,0.9975,0.9975,1.0,0.9975,0.9975,1.0,0,0.0,6.381308562109103,4.5962051643727335,5000.0,4926.0234375,-73.9765625,391.41900634765625,416.6640319824219,424.14501953125,6.406412310900512
BCC,non-magnetic,BCC nonmagnetic,2.34_5500K,dataset/bcc/non-mag/2.34_5500K.npz,128,400,399,1,0.9975,0.9975,1.0,0.9975,0.9975,1.0,0,0.0,6.2064489437272226,4.86084641162502,5500.0,5362.275390625,-137.724609375,391.2950134277344,420.85400390625,430.677001953125,6.406412310900512
BCC,non-magnetic,BCC nonmagnetic,2.34_6000K,dataset/bcc/non-mag/2.34_6000K.npz,128,400,399,1,0.9975,0.9975,1.0,0.9975,0.9975,1.0,0,0.0,6.237446016463096,4.953171782173358,6000.0,5597.32861328125,-402.67138671875,390.2840270996094,422.8789978027344,429.00201416015625,6.406412310900512
BCC,non-magnetic,BCC nonmagnetic,2.35_4000K,dataset/bcc/non-mag/2.35_4000K.npz,128,400,399,1,0.9975,0.9975,1.0,0.9975,0.9975,1.0,0,0.0,5.20683446855802,4.001865012425986,4000.0,3774.527587890625,-225.472412109375,368.9639892578125,387.60601806640625,397.8739929199219,6.488909476433735
BCC,non-magnetic,BCC nonmagnetic,2.35_4500K,dataset/bcc/non-mag/2.35_4500K.npz,128,400,399,1,0.9975,0.9975,1.0,0.9975,0.9975,1.0,0,0.0,5.496393537823127,4.195236213133194,4500.0,4344.9677734375,-155.0322265625,369.16400146484375,391.864990234375,396.6990051269531,6.488909476433735
BCC,non-magnetic,BCC nonmagnetic,2.35_5000K,dataset/bcc/non-mag/2.35_5000K.npz,128,400,399,1,0.9975,0.9975,1.0,0.9975,0.9975,1.0,0,0.0,5.346954409000849,4.389960534165548,5000.0,4487.15087890625,-512.84912109375,370.281005859375,393.3730163574219,400.0830078125,6.488909476433735
BCC,non-magnetic,BCC nonmagnetic,2.35_5500K,dataset/bcc/non-mag/2.35_5500K.npz,128,400,399,1,0.9975,0.9975,1.0,0.9975,0.9975,1.0,0,0.0,6.350926775660368,4.749156235435519,5500.0,5406.62353515625,-93.37646484375,370.45001220703125,400.0090026855469,405.92901611328125,6.488909476433735
BCC,non-magnetic,BCC nonmagnetic,2.35_6000K,dataset/bcc/non-mag/2.35_6000K.npz,128,400,399,1,0.9975,0.9975,1.0,0.9975,0.9975,1.0,0,0.0,6.069961041227785,4.814234498696368,6000.0,5569.6142578125,-430.3857421875,370.0820007324219,401.4840087890625,409.02301025390625,6.488909476433735
BCC,non-magnetic,BCC nonmagnetic,2.36_4000K,dataset/bcc/non-mag/2.36_4000K.npz,128,400,399,1,0.9975,0.9975,1.0,0.9975,0.9975,1.0,0,0.0,4.562717479452562,3.7206146766081822,4000.0,3815.688232421875,-184.311767578125,350.3739929199219,368.79400634765625,374.88800048828125,6.5721118453159235
BCC,non-magnetic,BCC nonmagnetic,2.36_4500K,dataset/bcc/non-mag/2.36_4500K.npz,128,400,399,1,0.9975,0.9975,1.0,0.9975,0.9975,1.0,0,0.0,5.515401706042939,4.250141643834701,4500.0,4416.19482421875,-83.80517578125,348.77301025390625,372.3240051269531,379.40301513671875,6.5721118453159235
BCC,non-magnetic,BCC nonmagnetic,2.36_5000K,dataset/bcc/non-mag/2.36_5000K.npz,128,400,399,1,0.9975,0.9975,1.0,0.9975,0.9975,1.0,0,0.0,5.560407574762148,4.355016966416661,5000.0,4744.6494140625,-255.3505859375,350.4729919433594,376.0719909667969,382.875,6.5721118453159235
BCC,non-magnetic,BCC nonmagnetic,2.36_5500K,dataset/bcc/non-mag/2.36_5500K.npz,128,400,399,1,0.9975,0.9975,1.0,0.9975,0.9975,1.0,0,0.0,6.018110130287601,4.637603137270106,5500.0,5152.470703125,-347.529296875,350.5110168457031,381.0509948730469,387.2900085449219,6.5721118453159235
BCC,non-magnetic,BCC nonmagnetic,2.36_6000K,dataset/bcc/non-mag/2.36_6000K.npz,128,400,399,1,0.9975,0.9975,1.0,0.9975,0.9975,1.0,0,0.0,6.592524534690113,4.947633490627301,6000.0,5794.61572265625,-205.38427734375,348.27801513671875,382.6419982910156,390.76800537109375,6.5721118453159235
BCC,non-magnetic,BCC nonmagnetic,2.37_4000K,dataset/bcc/non-mag/2.37_4000K.npz,128,400,399,1,0.9975,0.9975,1.0,0.9975,0.9975,1.0,0,0.0,5.122263012383985,3.875565751008552,4000.0,3921.093505859375,-78.906494140625,331.60400390625,351.05902099609375,355.54400634765625,6.656022418851627
BCC,non-magnetic,BCC nonmagnetic,2.37_4500K,dataset/bcc/non-mag/2.37_4500K.npz,128,400,399,1,0.9975,0.9975,1.0,0.9975,0.9975,1.0,0,0.0,5.497199429739232,4.1088601113124295,4500.0,4251.7138671875,-248.2861328125,331.4880065917969,353.8470153808594,360.81298828125,6.656022418851627
BCC,non-magnetic,BCC nonmagnetic,2.37_5000K,dataset/bcc/non-mag/2.37_5000K.npz,128,400,399,1,0.9975,0.9975,1.0,0.9975,0.9975,1.0,0,0.0,5.424494357573468,4.389688941396363,5000.0,4608.3173828125,-391.6826171875,331.40802001953125,356.0840148925781,364.3949890136719,6.656022418851627
BCC,non-magnetic,BCC nonmagnetic,2.37_5500K,dataset/bcc/non-mag/2.37_5500K.npz,128,400,399,1,0.9975,0.9975,1.0,0.9975,0.9975,1.0,0,0.0,5.973455963041093,4.523284139584927,5500.0,5166.26806640625,-333.73193359375,331.66900634765625,360.42401123046875,365.3429870605469,6.656022418851627
BCC,non-magnetic,BCC nonmagnetic,2.37_6000K,dataset/bcc/non-mag/2.37_6000K.npz,128,400,399,1,0.9975,0.9975,1.0,0.9975,0.9975,1.0,0,0.0,5.8833274041557,4.795799571293332,6000.0,5525.3271484375,-474.6728515625,331.1080017089844,362.58001708984375,370.2270202636719,6.656022418851627
BCC,non-magnetic,BCC nonmagnetic,2.38_4000K,dataset/bcc/non-mag/2.38_4000K.npz,128,400,399,1,0.9975,0.9975,1.0,0.9975,0.9975,1.0,0,0.0,4.801407246291227,3.8055743430459246,4000.0,3909.697265625,-90.302734375,312.5760192871094,333.5409851074219,338.3600158691406,6.740644198345366
BCC,non-magnetic,BCC nonmagnetic,2.38_4500K,dataset/bcc/non-mag/2.38_4500K.npz,128,400,399,1,0.9975,0.9975,1.0,0.9975,0.9975,1.0,0,0.0,5.2089417789980805,4.017415053064011,4500.0,4417.1123046875,-82.8876953125,312.9259948730469,336.1759948730469,342.7080078125,6.740644198345366
BCC,non-magnetic,BCC nonmagnetic,2.38_5000K,dataset/bcc/non-mag/2.38_5000K.npz,128,400,399,1,0.9975,0.9975,1.0,0.9975,0.9975,1.0,0,0.0,5.892223816709144,4.312644908823144,5000.0,4923.67529296875,-76.32470703125,311.375,340.6940002441406,346.24700927734375,6.740644198345366
BCC,non-magnetic,BCC nonmagnetic,2.38_5500K,dataset/bcc/non-mag/2.38_5500K.npz,128,400,399,1,0.9975,0.9975,1.0,0.9975,0.9975,1.0,0,0.0,5.644199731220833,4.5534308357968545,5500.0,5410.6533203125,-89.3466796875,313.4120178222656,344.9330139160156,350.7900085449219,6.740644198345366
BCC,non-magnetic,BCC nonmagnetic,2.38_6000K,dataset/bcc/non-mag/2.38_6000K.npz,128,400,399,1,0.9975,0.9975,1.0,0.9975,0.9975,1.0,0,0.0,6.021568153647253,4.602312933139681,6000.0,5668.228515625,-331.771484375,313.3919982910156,346.63702392578125,353.98101806640625,6.740644198345366
BCC,non-magnetic,BCC nonmagnetic,2.39_4000K,dataset/bcc/non-mag/2.39_4000K.npz,128,400,399,1,0.9975,0.9975,1.0,0.9975,0.9975,1.0,0,0.0,4.620234123508519,3.6260375039126136,4000.0,3786.497802734375,-213.502197265625,295.0820007324219,315.5149841308594,322.4729919433594,6.825980185101718
BCC,non-magnetic,BCC nonmagnetic,2.39_4500K,dataset/bcc/non-mag/2.39_4500K.npz,128,400,399,1,0.9975,0.9975,1.0,0.9975,0.9975,1.0,0,0.0,4.882840989521094,3.975766074898048,4500.0,4274.90771484375,-225.09228515625,295.3830261230469,317.5639953613281,325.2060241699219,6.825980185101718
BCC,non-magnetic,BCC nonmagnetic,2.39_5000K,dataset/bcc/non-mag/2.39_5000K.npz,128,400,399,1,0.9975,0.9975,1.0,0.9975,0.9975,1.0,0,0.0,5.318504209161716,4.153886936181788,5000.0,4732.0556640625,-267.9443359375,295.1610107421875,320.5830078125,328.9850158691406,6.825980185101718
BCC,non-magnetic,BCC nonmagnetic,2.39_5500K,dataset/bcc/non-mag/2.39_5500K.npz,128,400,399,1,0.9975,0.9975,1.0,0.9975,0.9975,1.0,0,0.0,5.320099939281491,4.453707992753022,5500.0,5264.65087890625,-235.34912109375,294.1659851074219,325.76202392578125,331.4090270996094,6.825980185101718
BCC,non-magnetic,BCC nonmagnetic,2.39_6000K,dataset/bcc/non-mag/2.39_6000K.npz,128,400,399,1,0.9975,0.9975,1.0,0.9975,0.9975,1.0,0,0.0,5.79298500622576,4.666152966520123,6000.0,5637.06884765625,-362.93115234375,296.114990234375,330.35400390625,337.6230163574219,6.825980185101718
BCC,non-magnetic,BCC nonmagnetic,2.40_4000K,dataset/bcc/non-mag/2.40_4000K.npz,128,400,399,1,0.9975,0.9975,1.0,0.9975,0.9975,1.0,0,0.0,4.7026147971814645,3.748655404112219,4000.0,3932.85693359375,-67.14306640625,278.9200134277344,298.77801513671875,304.1000061035156,6.912033380425209
BCC,non-magnetic,BCC nonmagnetic,2.40_4500K,dataset/bcc/non-mag/2.40_4500K.npz,128,400,399,1,0.9975,0.9975,1.0,0.9975,0.9975,1.0,0,0.0,4.629021984804988,3.777588854212922,4500.0,4222.62548828125,-277.37451171875,278.5679931640625,300.9090270996094,308.3800048828125,6.912033380425209
BCC,non-magnetic,BCC nonmagnetic,2.40_5000K-disp,dataset/bcc/non-mag/2.40_5000K-disp.npz,128,400,399,1,0.9975,0.9975,1.0,0.9975,0.9975,1.0,17,0.042606516290726815,5.950667912383348,4.323125762559535,5000.0,5100.63330078125,100.63330078125,301.8999938964844,306.18701171875,361.69000244140625,6.912033380425209
BCC,non-magnetic,BCC nonmagnetic,2.40_5000K,dataset/bcc/non-mag/2.40_5000K.npz,128,400,399,1,0.9975,0.9975,1.0,0.9975,0.9975,1.0,0,0.0,4.942909448179346,4.167297925976298,5000.0,4702.76123046875,-297.23876953125,277.5350036621094,304.32000732421875,311.385009765625,6.912033380425209
BCC,non-magnetic,BCC nonmagnetic,2.40_5500K,dataset/bcc/non-mag/2.40_5500K.npz,128,400,399,1,0.9975,0.9975,1.0,0.9975,0.9975,1.0,0,0.0,5.3697361086145765,4.371244129815911,5500.0,5049.94970703125,-450.05029296875,278.75,306.6020202636719,315.0810241699219,6.912033380425209
BCC,non-magnetic,BCC nonmagnetic,2.40_6000K,dataset/bcc/non-mag/2.40_6000K.npz,128,400,399,1,0.9975,0.9975,1.0,0.9975,0.9975,1.0,0,0.0,5.529304709570567,4.55907773854575,6000.0,5718.10693359375,-281.89306640625,278.9519958496094,311.9040222167969,318.89801025390625,6.912033380425209
BCC,non-magnetic,BCC nonmagnetic,2.41_4000K,dataset/bcc/non-mag/2.41_4000K.npz,128,400,399,1,0.9975,0.9975,1.0,0.9975,0.9975,1.0,0,0.0,4.58804188814978,3.5597527157179987,4000.0,3751.827880859375,-248.172119140625,263.3570251464844,281.2560119628906,290.22900390625,6.9988067856203955
BCC,non-magnetic,BCC nonmagnetic,2.41_4500K,dataset/bcc/non-mag/2.41_4500K.npz,128,400,399,1,0.9975,0.9975,1.0,0.9975,0.9975,1.0,0,0.0,4.825455173247672,3.955531303465627,4500.0,4384.69970703125,-115.30029296875,262.0610046386719,285.15802001953125,292.7740173339844,6.9988067856203955
BCC,non-magnetic,BCC nonmagnetic,2.41_5000K,dataset/bcc/non-mag/2.41_5000K.npz,128,400,399,1,0.9975,0.9975,1.0,0.9975,0.9975,1.0,0,0.0,5.206154957481239,4.152935860217237,5000.0,4898.1142578125,-101.8857421875,261.9350280761719,289.7170104980469,293.8810119628906,6.9988067856203955
BCC,non-magnetic,BCC nonmagnetic,2.41_5500K,dataset/bcc/non-mag/2.41_5500K.npz,128,400,399,1,0.9975,0.9975,1.0,0.9975,0.9975,1.0,0,0.0,4.95670196311976,4.257608133723162,5500.0,5238.40673828125,-261.59326171875,262.2760009765625,292.6100158691406,298.7669982910156,6.9988067856203955
BCC,non-magnetic,BCC nonmagnetic,2.41_6000K,dataset/bcc/non-mag/2.41_6000K.npz,128,400,399,1,0.9975,0.9975,1.0,0.9975,0.9975,1.0,0,0.0,5.808499968157751,4.498877379150542,6000.0,5826.69287109375,-173.30712890625,262.5459899902344,297.468994140625,305.2550048828125,6.9988067856203955
BCC,non-magnetic,BCC nonmagnetic,2.42_4000K,dataset/bcc/non-mag/2.42_4000K.npz,128,400,399,1,0.9975,0.9975,1.0,0.9975,0.9975,1.0,0,0.0,4.559492868340338,3.476340147318289,4000.0,3782.719482421875,-217.280517578125,247.9449920654297,267.4020080566406,273.5870056152344,7.086187186724503
BCC,non-magnetic,BCC nonmagnetic,2.42_4500K,dataset/bcc/non-mag/2.42_4500K.npz,128,254,253,1,0.9960629921259843,0.9960629921259843,1.0,0.9960629921259843,0.9960629921259843,1.0,0,0.0,4.920126517733382,3.6382774606822026,4500.0,4321.4326171875,-178.5673828125,248.1439971923828,271.20001220703125,278.16400146484375,7.086187186724503
BCC,non-magnetic,BCC nonmagnetic,2.42_5000K,dataset/bcc/non-mag/2.42_5000K.npz,128,400,399,1,0.9975,0.9975,1.0,0.9975,0.9975,1.0,0,0.0,4.981443769820927,3.9026591398524553,5000.0,4715.91162109375,-284.08837890625,246.57400512695312,274.4820251464844,278.97100830078125,7.086187186724503
BCC,non-magnetic,BCC nonmagnetic,2.42_5500K,dataset/bcc/non-mag/2.42_5500K.npz,128,400,399,1,0.9975,0.9975,1.0,0.9975,0.9975,1.0,0,0.0,5.30722792525799,4.153216458544834,5500.0,5303.31591796875,-196.68408203125,247.45901489257812,278.2330017089844,285.96600341796875,7.086187186724503
BCC,non-magnetic,BCC nonmagnetic,2.42_6000K,dataset/bcc/non-mag/2.42_6000K.npz,128,400,399,1,0.9975,0.9975,1.0,0.9975,0.9975,1.0,0,0.0,5.522946231634449,4.373021434836699,6000.0,5451.40625,-548.59375,248.2689971923828,279.281005859375,288.2120056152344,7.086187186724503
BCC,non-magnetic,BCC nonmagnetic,2.43_4000K,dataset/bcc/non-mag/2.43_4000K.npz,128,400,399,1,0.9975,0.9975,1.0,0.9975,0.9975,1.0,0,0.0,4.153467495394516,3.397301913243714,4000.0,3776.3525390625,-223.6474609375,231.72801208496094,252.86599731445312,260.7760009765625,7.174409052995837
BCC,non-magnetic,BCC nonmagnetic,2.43_4500K,dataset/bcc/non-mag/2.43_4500K.npz,128,400,399,1,0.9975,0.9975,1.0,0.9975,0.9975,1.0,0,0.0,5.041100519978673,3.6835799002854066,4500.0,4333.4716796875,-166.5283203125,233.6540069580078,256.7080078125,261.2439880371094,7.174409052995837
BCC,non-magnetic,BCC nonmagnetic,2.43_5000K,dataset/bcc/non-mag/2.43_5000K.npz,128,400,399,1,0.9975,0.9975,1.0,0.9975,0.9975,1.0,0,0.0,4.851771255914802,3.960987946056245,5000.0,4909.34033203125,-90.65966796875,233.3520050048828,260.4010009765625,264.125,7.174409052995837
BCC,non-magnetic,BCC nonmagnetic,2.43_5500K,dataset/bcc/non-mag/2.43_5500K.npz,128,400,399,1,0.9975,0.9975,1.0,0.9975,0.9975,1.0,0,0.0,5.541882048631586,4.249535815528957,5500.0,5421.55029296875,-78.44970703125,233.7550048828125,265.9750061035156,273.2850036621094,7.174409052995837
BCC,non-magnetic,BCC nonmagnetic,2.43_6000K,dataset/bcc/non-mag/2.43_6000K.npz,128,400,399,1,0.9975,0.9975,1.0,0.9975,0.9975,1.0,0,0.0,5.699329780095512,4.285249092594744,6000.0,5748.39208984375,-251.60791015625,233.6790008544922,267.1080017089844,272.8800048828125,7.174409052995837
BCC,non-magnetic,BCC nonmagnetic,2.44_4000K,dataset/bcc/non-mag/2.44_4000K.npz,128,400,399,1,0.9975,0.9975,1.0,0.9975,0.9975,1.0,0,0.0,4.270463187609178,3.4451227169601384,4000.0,3794.26025390625,-205.73974609375,219.6409912109375,238.53799438476562,244.135009765625,7.26336012908252
BCC,non-magnetic,BCC nonmagnetic,2.44_4500K,dataset/bcc/non-mag/2.44_4500K.npz,128,400,399,1,0.9975,0.9975,1.0,0.9975,0.9975,1.0,0,0.0,4.714183503743662,3.7288874018242515,4500.0,4423.14599609375,-76.85400390625,219.7580108642578,245.15501403808594,250.9560089111328,7.26336012908252
BCC,non-magnetic,BCC nonmagnetic,2.44_5000K,dataset/bcc/non-mag/2.44_5000K.npz,128,400,399,1,0.9975,0.9975,1.0,0.9975,0.9975,1.0,0,0.0,4.982464404379139,3.789984685686194,5000.0,4696.71337890625,-303.28662109375,220.1020050048828,244.43701171875,251.41001892089844,7.26336012908252
BCC,non-magnetic,BCC nonmagnetic,2.44_5500K,dataset/bcc/non-mag/2.44_5500K.npz,128,400,399,1,0.9975,0.9975,1.0,0.9975,0.9975,1.0,0,0.0,4.8085638671255335,4.020962001662789,5500.0,5184.61669921875,-315.38330078125,219.9189910888672,250.47000122070312,255.4600067138672,7.26336012908252
BCC,non-magnetic,BCC nonmagnetic,2.44_6000K,dataset/bcc/non-mag/2.44_6000K.npz,128,400,399,1,0.9975,0.9975,1.0,0.9975,0.9975,1.0,0,0.0,5.4895957219597165,4.22513563257123,6000.0,5533.29443359375,-466.70556640625,218.66201782226562,255.0540008544922,263.01800537109375,7.26336012908252
BCC,non-magnetic,BCC nonmagnetic,2.45_4000K,dataset/bcc/non-mag/2.45_4000K.npz,128,400,399,1,0.9975,0.9975,1.0,0.9975,0.9975,1.0,0,0.0,3.979968414800159,3.2968994051340377,4000.0,3741.392822265625,-258.607177734375,206.47900390625,225.7550048828125,231.9239959716797,7.353043416289107
BCC,non-magnetic,BCC nonmagnetic,2.45_4500K,dataset/bcc/non-mag/2.45_4500K.npz,128,400,399,1,0.9975,0.9975,1.0,0.9975,0.9975,1.0,0,0.0,4.480042921624717,3.5837179866924833,4500.0,4268.16650390625,-231.83349609375,206.3159942626953,228.98301696777344,235.02099609375,7.353043416289107
BCC,non-magnetic,BCC nonmagnetic,2.45_5000K,dataset/bcc/non-mag/2.45_5000K.npz,128,400,399,1,0.9975,0.9975,1.0,0.9975,0.9975,1.0,0,0.0,4.900840423320523,3.708985538448178,5000.0,4533.4736328125,-466.5263671875,205.31101989746094,231.322998046875,237.8979949951172,7.353043416289107
BCC,non-magnetic,BCC nonmagnetic,2.45_5500K,dataset/bcc/non-mag/2.45_5500K.npz,128,400,399,1,0.9975,0.9975,1.0,0.9975,0.9975,1.0,0,0.0,5.048709742017837,4.038154670378246,5500.0,5279.29931640625,-220.70068359375,205.8350067138672,236.0970001220703,246.8520050048828,7.353043416289107
BCC,non-magnetic,BCC nonmagnetic,2.45_6000K,dataset/bcc/non-mag/2.45_6000K.npz,128,400,399,1,0.9975,0.9975,1.0,0.9975,0.9975,1.0,0,0.0,5.204480382498783,4.242807146493689,6000.0,5753.80908203125,-246.19091796875,205.218994140625,239.6479949951172,247.7360076904297,7.353043416289107
BCC,non-magnetic,BCC nonmagnetic,2.46_4000K,dataset/bcc/non-mag/2.46_4000K.npz,128,400,399,1,0.9975,0.9975,1.0,0.9975,0.9975,1.0,0,0.0,4.406809219504433,3.4193990709300217,4000.0,3994.931396484375,-5.068603515625,193.73500061035156,214.7060089111328,219.48501586914062,7.443461915920132
BCC,non-magnetic,BCC nonmagnetic,2.46_4500K,dataset/bcc/non-mag/2.46_4500K.npz,128,400,399,1,0.9975,0.9975,1.0,0.9975,0.9975,1.0,0,0.0,4.566057647573979,3.5838706392826385,4500.0,4370.78955078125,-129.21044921875,192.7670135498047,219.0030059814453,225.5830078125,7.443461915920132
BCC,non-magnetic,BCC nonmagnetic,2.46_5000K,dataset/bcc/non-mag/2.46_5000K.npz,128,400,399,1,0.9975,0.9975,1.0,0.9975,0.9975,1.0,0,0.0,4.816413901160908,3.790216872442612,5000.0,4773.8232421875,-226.1767578125,193.25601196289062,223.4300079345703,226.4499969482422,7.443461915920132
BCC,non-magnetic,BCC nonmagnetic,2.46_5500K,dataset/bcc/non-mag/2.46_5500K.npz,128,400,399,1,0.9975,0.9975,1.0,0.9975,0.9975,1.0,0,0.0,4.977308360380949,3.910827893455967,5500.0,5415.32080078125,-84.67919921875,194.0989990234375,225.22000122070312,231.36900329589844,7.443461915920132
BCC,non-magnetic,BCC nonmagnetic,2.46_6000K,dataset/bcc/non-mag/2.46_6000K.npz,128,400,399,1,0.9975,0.9975,1.0,0.9975,0.9975,1.0,0,0.0,5.430295909555479,4.124430214166126,6000.0,5593.31689453125,-406.68310546875,193.8140106201172,232.6949920654297,240.54600524902344,7.443461915920132
BCC,non-magnetic,BCC nonmagnetic,2.47_4000K,dataset/bcc/non-mag/2.47_4000K.npz,128,400,399,1,0.9975,0.9975,1.0,0.9975,0.9975,1.0,0,0.0,4.358553959051626,3.352216427306989,4000.0,3965.990234375,-34.009765625,181.24000549316406,201.49600219726562,208.8070068359375,7.5346186292801525
BCC,non-magnetic,BCC nonmagnetic,2.47_4500K,dataset/bcc/non-mag/2.47_4500K.npz,128,400,399,1,0.9975,0.9975,1.0,0.9975,0.9975,1.0,0,0.0,4.373983435446484,3.4106786128677595,4500.0,4250.39013671875,-249.60986328125,181.6020050048828,205.20701599121094,212.0050048828125,7.5346186292801525
BCC,non-magnetic,BCC nonmagnetic,2.47_5000K,dataset/bcc/non-mag/2.47_5000K.npz,128,400,399,1,0.9975,0.9975,1.0,0.9975,0.9975,1.0,0,0.0,5.081951383151966,3.818096445885539,5000.0,4911.58642578125,-88.41357421875,181.59201049804688,209.6540069580078,215.35000610351562,7.5346186292801525
BCC,non-magnetic,BCC nonmagnetic,2.47_5500K,dataset/bcc/non-mag/2.47_5500K.npz,128,400,399,1,0.9975,0.9975,1.0,0.9975,0.9975,1.0,0,0.0,5.005118074099567,3.9131588669498854,5500.0,5296.14599609375,-203.85400390625,181.4300079345703,212.61001586914062,219.6020050048828,7.5346186292801525
BCC,non-magnetic,BCC nonmagnetic,2.47_6000K,dataset/bcc/non-mag/2.47_6000K.npz,128,400,399,1,0.9975,0.9975,1.0,0.9975,0.9975,1.0,0,0.0,5.096497656080686,4.015427689323915,6000.0,5611.966796875,-388.033203125,182.00900268554688,214.4879913330078,219.33401489257812,7.5346186292801525
BCC,non-magnetic,BCC nonmagnetic,2.48_4000K,dataset/bcc/non-mag/2.48_4000K.npz,128,400,399,1,0.9975,0.9975,1.0,0.9975,0.9975,1.0,0,0.0,4.1271154983308165,3.2790524918135433,4000.0,4014.406494140625,14.406494140625,169.9600067138672,191.4300079345703,198.7570037841797,7.626516557673721
BCC,non-magnetic,BCC nonmagnetic,2.48_4500K-1,dataset/bcc/non-mag/2.48_4500K-1.npz,128,400,399,1,0.9975,0.9975,1.0,0.9975,0.9975,1.0,0,0.0,4.1611030435131555,3.40621592908314,4500.0,4287.26220703125,-212.73779296875,170.3260040283203,193.41000366210938,197.54100036621094,7.626516557673721
BCC,non-magnetic,BCC nonmagnetic,2.48_4500K,dataset/bcc/non-mag/2.48_4500K.npz,128,400,399,1,0.9975,0.9975,1.0,0.9975,0.9975,1.0,0,0.0,4.1611030435131555,3.40621592908314,4500.0,4287.26220703125,-212.73779296875,170.3260040283203,193.41000366210938,197.54100036621094,7.626516557673721
BCC,non-magnetic,BCC nonmagnetic,2.48_5000K,dataset/bcc/non-mag/2.48_5000K.npz,128,400,399,1,0.9975,0.9975,1.0,0.9975,0.9975,1.0,0,0.0,4.715585333446922,3.5918736526355204,5000.0,4754.802734375,-245.197265625,170.1699981689453,197.80300903320312,204.3040008544922,7.626516557673721
BCC,non-magnetic,BCC nonmagnetic,2.48_5500K,dataset/bcc/non-mag/2.48_5500K.npz,128,400,399,1,0.9975,0.9975,1.0,0.9975,0.9975,1.0,0,0.0,4.8219615823967,3.8097869794487473,5500.0,5212.48095703125,-287.51904296875,170.05699157714844,202.6300048828125,208.0909881591797,7.626516557673721
BCC,non-magnetic,BCC nonmagnetic,2.48_6000K,dataset/bcc/non-mag/2.48_6000K.npz,128,400,399,1,0.9975,0.9975,1.0,0.9975,0.9975,1.0,0,0.0,5.037417539513474,4.042058294839478,6000.0,5872.47705078125,-127.52294921875,169.25,207.91799926757812,215.5500030517578,7.626516557673721
BCC,non-magnetic,BCC nonmagnetic,2.49_4000K,dataset/bcc/non-mag/2.49_4000K.npz,128,400,399,1,0.9975,0.9975,1.0,0.9975,0.9975,1.0,0,0.0,3.8840121391115514,3.039133340017567,4000.0,3690.839111328125,-309.160888671875,158.3470001220703,178.9180145263672,184.27200317382812,7.719158702405363
BCC,non-magnetic,BCC nonmagnetic,2.49_4500K,dataset/bcc/non-mag/2.49_4500K.npz,128,400,399,1,0.9975,0.9975,1.0,0.9975,0.9975,1.0,0,0.0,4.936561654478343,3.414992720290128,4500.0,4414.896484375,-85.103515625,158.99900817871094,183.0500030517578,188.96400451660156,7.719158702405363
BCC,non-magnetic,BCC nonmagnetic,2.49_5000K,dataset/bcc/non-mag/2.49_5000K.npz,128,400,399,1,0.9975,0.9975,1.0,0.9975,0.9975,1.0,0,0.0,4.602632355570291,3.508281798124414,5000.0,4648.1474609375,-351.8525390625,159.1300048828125,185.48699951171875,191.4980010986328,7.719158702405363
BCC,non-magnetic,BCC nonmagnetic,2.49_5500K,dataset/bcc/non-mag/2.49_5500K.npz,128,400,399,1,0.9975,0.9975,1.0,0.9975,0.9975,1.0,0,0.0,4.921123593215798,3.7813381280706286,5500.0,5255.96240234375,-244.03759765625,159.2989959716797,190.7830047607422,198.39599609375,7.719158702405363
BCC,non-magnetic,BCC nonmagnetic,2.49_6000K,dataset/bcc/non-mag/2.49_6000K.npz,128,400,399,1,0.9975,0.9975,1.0,0.9975,0.9975,1.0,0,0.0,5.236063609252749,4.138094433543856,6000.0,5869.31396484375,-130.68603515625,158.59300231933594,196.33399963378906,201.85501098632812,7.719158702405363
BCC,non-magnetic,BCC nonmagnetic,2.50_4000K,dataset/bcc/non-mag/2.50_4000K.npz,128,400,399,1,0.9975,0.9975,1.0,0.9975,0.9975,1.0,0,0.0,3.9119244349416125,3.168352032734365,4000.0,3946.638671875,-53.361328125,148.32200622558594,168.7969970703125,175.55101013183594,7.812548064779654
BCC,non-magnetic,BCC nonmagnetic,2.50_4500K,dataset/bcc/non-mag/2.50_4500K.npz,128,400,399,1,0.9975,0.9975,1.0,0.9975,0.9975,1.0,0,0.0,4.355118616212767,3.2987776838177356,4500.0,4296.18994140625,-203.81005859375,148.42300415039062,173.1699981689453,181.22801208496094,7.812548064779654
BCC,non-magnetic,BCC nonmagnetic,2.50_5000K,dataset/bcc/non-mag/2.50_5000K.npz,128,400,399,1,0.9975,0.9975,1.0,0.9975,0.9975,1.0,0,0.0,4.546276764019237,3.4687970506217494,5000.0,4673.4345703125,-326.5654296875,148.6959991455078,175.7779998779297,181.07701110839844,7.812548064779654
BCC,non-magnetic,BCC nonmagnetic,2.50_5500K,dataset/bcc/non-mag/2.50_5500K.npz,128,400,399,1,0.9975,0.9975,1.0,0.9975,0.9975,1.0,0,0.0,4.594118959672561,3.6454055525037075,5500.0,5142.92138671875,-357.07861328125,148.572998046875,178.45201110839844,185.48001098632812,7.812548064779654
BCC,non-magnetic,BCC nonmagnetic,2.50_6000K,dataset/bcc/non-mag/2.50_6000K.npz,128,400,399,1,0.9975,0.9975,1.0,0.9975,0.9975,1.0,0,0.0,5.06969657342424,4.000993328081152,6000.0,5901.94775390625,-98.05224609375,148.27099609375,183.77099609375,195.1540069580078,7.812548064779654
BCC,non-magnetic,BCC nonmagnetic,2.51_4000K,dataset/bcc/non-mag/2.51_4000K.npz,128,400,399,1,0.9975,0.9975,1.0,0.9975,0.9975,1.0,0,0.0,4.024775024458419,3.0834756594134056,4000.0,3859.943603515625,-140.056396484375,138.54100036621094,159.5800018310547,164.9189910888672,7.906687646101105
BCC,non-magnetic,BCC nonmagnetic,2.51_4500K,dataset/bcc/non-mag/2.51_4500K.npz,128,400,399,1,0.9975,0.9975,1.0,0.9975,0.9975,1.0,0,0.0,4.132080216214643,3.2683774014967577,4500.0,4336.2216796875,-163.7783203125,138.4980010986328,162.89700317382812,171.03001403808594,7.906687646101105
BCC,non-magnetic,BCC nonmagnetic,2.51_5000K,dataset/bcc/non-mag/2.51_5000K.npz,128,400,399,1,0.9975,0.9975,1.0,0.9975,0.9975,1.0,0,0.0,4.294074835680894,3.4963537159533153,5000.0,4882.16650390625,-117.83349609375,136.68499755859375,169.0640106201172,173.44700622558594,7.906687646101105
BCC,non-magnetic,BCC nonmagnetic,2.51_5500K,dataset/bcc/non-mag/2.51_5500K.npz,128,218,217,1,0.9954128440366973,0.9954128440366973,1.0,0.9954128440366973,0.9954128440366973,1.0,0,0.0,4.346734999481727,3.5296756522365085,5500.0,5058.04052734375,-441.95947265625,138.1370086669922,169.5070037841797,173.7469940185547,7.906687646101105
BCC,non-magnetic,BCC nonmagnetic,2.51_6000K,dataset/bcc/non-mag/2.51_6000K.npz,128,400,399,1,0.9975,0.9975,1.0,0.9975,0.9975,1.0,0,0.0,4.877693904295053,3.8449193606691483,6000.0,5664.38818359375,-335.61181640625,137.9040069580078,173.9499969482422,183.27500915527344,7.906687646101105
BCC,non-magnetic,BCC nonmagnetic,2.52_4000K,dataset/bcc/non-mag/2.52_4000K.npz,128,400,399,1,0.9975,0.9975,1.0,0.9975,0.9975,1.0,0,0.0,3.812518976661649,2.9947341315299143,4000.0,3842.17822265625,-157.82177734375,128.7270050048828,152.0590057373047,156.656005859375,8.001454429272194
BCC,non-magnetic,BCC nonmagnetic,2.52_4500K,dataset/bcc/non-mag/2.52_4500K.npz,128,400,399,1,0.9975,0.9975,1.0,0.9975,0.9975,1.0,0,0.0,4.4611853390031575,3.2427660675757557,4500.0,4438.19970703125,-61.80029296875,128.8249969482422,153.62901306152344,161.95700073242188,8.001454429272194
BCC,non-magnetic,BCC nonmagnetic,2.52_5000-new,dataset/bcc/non-mag/2.52_5000-new.npz,128,400,399,1,0.9975,0.9975,1.0,0.9975,0.9975,1.0,0,0.0,5.959625375722192,3.538538633986697,4904.6064453125,4904.8310546875,0.224609375,127.6989974975586,163.63499450683594,175.6269989013672,8.001454429272194
BCC,non-magnetic,BCC nonmagnetic,2.52_5000K,dataset/bcc/non-mag/2.52_5000K.npz,128,400,399,1,0.9975,0.9975,1.0,0.9975,0.9975,1.0,0,0.0,4.725051778008945,3.418721748881768,5000.0,4773.3251953125,-226.6748046875,128.23800659179688,161.7550048828125,168.4010009765625,8.001454429272194
BCC,non-magnetic,BCC nonmagnetic,2.52_5500K,dataset/bcc/non-mag/2.52_5500K.npz,128,209,208,1,0.9952153110047847,0.9952153110047847,1.0,0.9952153110047847,0.9952153110047847,1.0,0,0.0,4.626464695278192,3.54548174740102,5500.0,5245.7568359375,-254.2431640625,127.86400604248047,163.8090057373047,167.56199645996094,8.001454429272194
BCC,non-magnetic,BCC nonmagnetic,2.52_6000K,dataset/bcc/non-mag/2.52_6000K.npz,128,400,399,1,0.9975,0.9975,1.0,0.9975,0.9975,1.0,0,0.0,5.341504642114443,3.906443083243995,6000.0,6097.6103515625,97.6103515625,127.52300262451172,168.97900390625,175.36801147460938,8.001454429272194
BCC,non-magnetic,BCC nonmagnetic,2.53_4000K,dataset/bcc/non-mag/2.53_4000K.npz,128,400,399,1,0.9975,0.9975,1.0,0.9975,0.9975,1.0,0,0.0,3.683421244016543,2.9103849762862746,4000.0,3881.734130859375,-118.265869140625,118.2760009765625,140.38400268554688,146.71099853515625,8.097102450126224
BCC,non-magnetic,BCC nonmagnetic,2.53_4500K,dataset/bcc/non-mag/2.53_4500K.npz,128,400,399,1,0.9975,0.9975,1.0,0.9975,0.9975,1.0,0,0.0,4.243292018157007,3.19043122799068,4500.0,4305.396484375,-194.603515625,119.61100006103516,145.2480010986328,150.95201110839844,8.097102450126224
BCC,non-magnetic,BCC nonmagnetic,2.53_5000K,dataset/bcc/non-mag/2.53_5000K.npz,128,400,399,1,0.9975,0.9975,1.0,0.9975,0.9975,1.0,0,0.0,4.263244195416686,3.376797790921259,5000.0,4843.814453125,-156.185546875,118.93299865722656,148.71701049804688,157.24400329589844,8.097102450126224
BCC,non-magnetic,BCC nonmagnetic,2.53_5500K,dataset/bcc/non-mag/2.53_5500K.npz,128,210,209,1,0.9952380952380953,0.9952380952380953,1.0,0.9952380952380953,0.9952380952380953,1.0,0,0.0,4.731308833966123,3.598609091003315,5500.0,5395.41943359375,-104.58056640625,118.30699920654297,155.5170135498047,161.2530059814453,8.097102450126224
BCC,non-magnetic,BCC nonmagnetic,2.53_6000K,dataset/bcc/non-mag/2.53_6000K.npz,128,400,399,1,0.9975,0.9975,1.0,0.9975,0.9975,1.0,0,0.0,4.944710348881662,3.709300732344362,6000.0,5714.09423828125,-285.90576171875,119.2699966430664,157.15699768066406,162.78199768066406,8.097102450126224
BCC,non-magnetic,BCC nonmagnetic,2.54_4000K,dataset/bcc/non-mag/2.54_4000K.npz,128,400,399,1,0.9975,0.9975,1.0,0.9975,0.9975,1.0,0,0.0,3.955885825365182,2.9596293697550418,4000.0,3890.801513671875,-109.198486328125,109.91400146484375,131.99900817871094,137.58700561523438,8.19350968987109
BCC,non-magnetic,BCC nonmagnetic,2.54_4500K,dataset/bcc/non-mag/2.54_4500K.npz,128,400,399,1,0.9975,0.9975,1.0,0.9975,0.9975,1.0,0,0.0,3.9999087675182476,3.123558263004148,4500.0,4285.1845703125,-214.8154296875,110.89300537109375,136.86300659179688,142.3800048828125,8.19350968987109
BCC,non-magnetic,BCC nonmagnetic,2.54_5000K,dataset/bcc/non-mag/2.54_5000K.npz,128,400,399,1,0.9975,0.9975,1.0,0.9975,0.9975,1.0,0,0.0,4.094696003029224,3.233183440444578,5000.0,4447.8076171875,-552.1923828125,111.1189956665039,141.06500244140625,145.8470001220703,8.19350968987109
BCC,non-magnetic,BCC nonmagnetic,2.54_5500K,dataset/bcc/non-mag/2.54_5500K.npz,128,171,170,1,0.9941520467836257,0.9941520467836257,1.0,0.9941520467836257,0.9941520467836257,1.0,0,0.0,4.606141930688416,3.3522150459241504,5500.0,4970.25341796875,-529.74658203125,110.51100158691406,143.9104995727539,150.0970001220703,8.19350968987109
BCC,non-magnetic,BCC nonmagnetic,2.54_6000K,dataset/bcc/non-mag/2.54_6000K.npz,128,400,399,1,0.9975,0.9975,1.0,0.9975,0.9975,1.0,0,0.0,5.003752645139619,3.786492322641157,6000.0,5693.537109375,-306.462890625,111.10100555419922,155.26400756835938,162.781005859375,8.19350968987109
BCC,non-magnetic,BCC nonmagnetic,2.55_4000K,dataset/bcc/non-mag/2.55_4000K.npz,128,400,399,1,0.9975,0.9975,1.0,0.9975,0.9975,1.0,0,0.0,3.5818400647883246,2.8525880335758993,4000.0,3830.0322265625,-169.9677734375,102.62300109863281,122.9010009765625,129.54600524902344,8.290679149811352
BCC,non-magnetic,BCC nonmagnetic,2.55_4500K,dataset/bcc/non-mag/2.55_4500K.npz,128,400,399,1,0.9975,0.9975,1.0,0.9975,0.9975,1.0,0,0.0,3.7658122737904414,3.0590062378156992,4500.0,4272.9453125,-227.0546875,101.91400146484375,128.2779998779297,133.54000854492188,8.290679149811352
BCC,non-magnetic,BCC nonmagnetic,2.55_5000K,dataset/bcc/non-mag/2.55_5000K.npz,128,400,399,1,0.9975,0.9975,1.0,0.9975,0.9975,1.0,0,0.0,4.339309130484333,3.2061190987779487,5000.0,4587.92138671875,-412.07861328125,102.64900207519531,132.197998046875,138.22801208496094,8.290679149811352
BCC,non-magnetic,BCC nonmagnetic,2.55_5500K,dataset/bcc/non-mag/2.55_5500K.npz,128,163,162,1,0.9938650306748467,0.9938650306748467,1.0,0.9938650306748467,0.9938650306748467,1.0,0,0.0,4.935118922450576,3.289226832904645,5500.0,5020.63720703125,-479.36279296875,102.77900695800781,137.35750579833984,141.58200073242188,8.290679149811352
BCC,non-magnetic,BCC nonmagnetic,2.55_6000K,dataset/bcc/non-mag/2.55_6000K.npz,128,400,399,1,0.9975,0.9975,1.0,0.9975,0.9975,1.0,0,0.0,4.775913580392034,3.7298502460600536,6000.0,5859.2470703125,-140.7529296875,102.41800689697266,143.44000244140625,150.4650115966797,8.290679149811352
BCC,non-magnetic,BCC nonmagnetic,2.85_5000K,dataset/bcc/non-mag/2.85_5000K.npz,128,400,399,1,0.9975,0.9975,1.0,0.9975,0.9975,1.0,0,0.0,6.4363382309257915,5.296478129803839,5000.0,4675.6474609375,-324.3525390625,576.1410522460938,605.8330078125,611.4879760742188,5.787299124740515
BCC,non-magnetic,BCC nonmagnetic,a_2.18_c_3.40_5000K,dataset/bcc/non-mag/a_2.18_c_3.40_5000K.npz,128,400,399,1,0.9975,0.9975,1.0,0.9975,0.9975,1.0,0,0.0,4.882234150655902,4.063182812532814,5000.0,4791.90576171875,-208.09423828125,273.60601806640625,279.5419921875,299.9490051269531,6.996669934405
BCC,non-magnetic,BCC nonmagnetic,a_2.20_c_3.40_5000K,dataset/bcc/non-mag/a_2.20_c_3.40_5000K.npz,128,400,399,1,0.9975,0.9975,1.0,0.9975,0.9975,1.0,0,0.0,4.964503451063817,3.971088833474385,5000.0,4886.142578125,-113.857421875,254.30101013183594,265.13201904296875,282.7640075683594,7.125668447713933
FCC,non-magnetic,FCC nonmagnetic,2.85_4000K,dataset/fcc/non-mag/2.85_4000K.npz,128,400,399,1,0.9975,0.9975,1.0,0.9975,0.9975,1.0,0,0.0,6.487907297309722,4.787302074225398,4000.0,3900.38916015625,-99.61083984375,575.9710083007812,600.5360107421875,607.0380249023438,5.787299124740515
FCC,non-magnetic,FCC nonmagnetic,2.85_4500K,dataset/fcc/non-mag/2.85_4500K.npz,128,400,399,1,0.9975,0.9975,1.0,0.9975,0.9975,1.0,0,0.0,6.2585138018203,5.005397235609896,4500.0,4214.2158203125,-285.7841796875,576.1710205078125,602.6640014648438,609.1730346679688,5.787299124740515
FCC,non-magnetic,FCC nonmagnetic,2.85_5000K,dataset/fcc/non-mag/2.85_5000K.npz,128,400,399,1,0.9975,0.9975,1.0,0.9975,0.9975,1.0,0,0.0,6.4363382309257915,5.296478129803839,5000.0,4675.6474609375,-324.3525390625,576.1410522460938,605.8330078125,611.4879760742188,5.787299124740515
FCC,non-magnetic,FCC nonmagnetic,2.85_5500K,dataset/fcc/non-mag/2.85_5500K.npz,128,400,399,1,0.9975,0.9975,1.0,0.9975,0.9975,1.0,0,0.0,6.876011069241098,5.400844113376932,5500.0,4928.8955078125,-571.1044921875,576.7970581054688,607.68701171875,614.5490112304688,5.787299124740515
FCC,non-magnetic,FCC nonmagnetic,2.85_6000K,dataset/fcc/non-mag/2.85_6000K.npz,128,400,399,1,0.9975,0.9975,1.0,0.9975,0.9975,1.0,0,0.0,7.217240995510526,5.664856083966548,6000.0,5582.85302734375,-417.14697265625,575.9920043945312,611.8820190429688,619.2940063476562,5.787299124740515
FCC,non-magnetic,FCC nonmagnetic,2.85_6500K,dataset/fcc/non-mag/2.85_6500K.npz,128,400,399,1,0.9975,0.9975,1.0,0.9975,0.9975,1.0,0,0.0,7.350529968679433,6.0655385668173825,6500.0,6186.4951171875,-313.5048828125,577.0509643554688,616.708984375,624.0070190429688,5.787299124740515
FCC,non-magnetic,FCC nonmagnetic,2.90_4000K,dataset/fcc/non-mag/2.90_4000K.npz,128,400,399,1,0.9975,0.9975,1.0,0.9975,0.9975,1.0,0,0.0,5.075115773849184,4.253003051235934,4000.0,3750.241943359375,-249.758056640625,466.708984375,490.20001220703125,500.0580139160156,6.097230769655054
FCC,non-magnetic,FCC nonmagnetic,2.90_4500K,dataset/fcc/non-mag/2.90_4500K.npz,128,400,399,1,0.9975,0.9975,1.0,0.9975,0.9975,1.0,0,0.0,5.491792938559135,4.608958817253072,4500.0,4178.046875,-321.953125,466.8600158691406,493.64599609375,499.7759704589844,6.097230769655054
FCC,non-magnetic,FCC nonmagnetic,2.90_5000K,dataset/fcc/non-mag/2.90_5000K.npz,128,400,399,1,0.9975,0.9975,1.0,0.9975,0.9975,1.0,0,0.0,6.308357522004796,4.941172359888298,5000.0,4644.6171875,-355.3828125,467.64703369140625,497.2549743652344,504.5870056152344,6.097230769655054
FCC,non-magnetic,FCC nonmagnetic,2.90_5500K,dataset/fcc/non-mag/2.90_5500K.npz,128,400,399,1,0.9975,0.9975,1.0,0.9975,0.9975,1.0,0,0.0,6.514722648008928,5.155670398812859,5500.0,5140.37841796875,-359.62158203125,467.2790222167969,500.25299072265625,506.5370178222656,6.097230769655054
FCC,non-magnetic,FCC nonmagnetic,2.90_6000K,dataset/fcc/non-mag/2.90_6000K.npz,128,400,399,1,0.9975,0.9975,1.0,0.9975,0.9975,1.0,0,0.0,6.54883311641748,5.404283515944453,6000.0,5670.49658203125,-329.50341796875,466.322021484375,503.9950256347656,511.89801025390625,6.097230769655054
FCC,non-magnetic,FCC nonmagnetic,2.90_6500K,dataset/fcc/non-mag/2.90_6500K.npz,128,400,399,1,0.9975,0.9975,1.0,0.9975,0.9975,1.0,0,0.0,7.004868043293744,5.554792214754432,6500.0,6048.26416015625,-451.73583984375,466.8490295410156,506.84600830078125,517.9720458984375,6.097230769655054
FCC,non-magnetic,FCC nonmagnetic,2.95_4000K,dataset/fcc/non-mag/2.95_4000K.npz,128,400,399,1,0.9975,0.9975,1.0,0.9975,0.9975,1.0,0,0.0,4.86091544604231,3.991837669533983,4000.0,3707.97802734375,-292.02197265625,374.4440002441406,399.0840148925781,404.0159912109375,6.418121147386244
FCC,non-magnetic,FCC nonmagnetic,2.95_4500K,dataset/fcc/non-mag/2.95_4500K.npz,128,400,399,1,0.9975,0.9975,1.0,0.9975,0.9975,1.0,0,0.0,5.246347498110682,4.291067602403998,4500.0,4162.0029296875,-337.9970703125,374.6610107421875,402.2790222167969,408.5500183105469,6.418121147386244
FCC,non-magnetic,FCC nonmagnetic,2.95_5000K,dataset/fcc/non-mag/2.95_5000K.npz,128,400,399,1,0.9975,0.9975,1.0,0.9975,0.9975,1.0,0,0.0,5.67046876239593,4.617641996108867,5000.0,4906.06982421875,-93.93017578125,375.18701171875,407.4679870605469,413.677001953125,6.418121147386244
FCC,non-magnetic,FCC nonmagnetic,2.95_5500K,dataset/fcc/non-mag/2.95_5500K.npz,128,400,399,1,0.9975,0.9975,1.0,0.9975,0.9975,1.0,0,0.0,5.976904489957576,4.816168876889056,5500.0,5283.0927734375,-216.9072265625,375.1280212402344,410.0169982910156,415.7330017089844,6.418121147386244
FCC,non-magnetic,FCC nonmagnetic,2.95_6000K,dataset/fcc/non-mag/2.95_6000K.npz,128,400,399,1,0.9975,0.9975,1.0,0.9975,0.9975,1.0,0,0.0,6.115079275605758,5.031575305536368,6000.0,5627.36572265625,-372.63427734375,375.1449890136719,413.0480041503906,425.17901611328125,6.418121147386244
FCC,non-magnetic,FCC nonmagnetic,2.95_6500K,dataset/fcc/non-mag/2.95_6500K.npz,128,400,399,1,0.9975,0.9975,1.0,0.9975,0.9975,1.0,0,0.0,6.40935178154316,5.146627620497044,6500.0,6049.73388671875,-450.26611328125,375.0360107421875,415.9200134277344,429.72100830078125,6.418121147386244
FCC,non-magnetic,FCC nonmagnetic,3.00_4000K,dataset/fcc/non-mag/3.00_4000K.npz,128,400,399,1,0.9975,0.9975,1.0,0.9975,0.9975,1.0,0,0.0,4.732631546970367,3.80265000634379,4000.0,3767.2353515625,-232.7646484375,299.2740173339844,323.7229919433594,326.3360290527344,6.749987948699021
FCC,non-magnetic,FCC nonmagnetic,3.00_4500K,dataset/fcc/non-mag/3.00_4500K.npz,128,400,399,1,0.9975,0.9975,1.0,0.9975,0.9975,1.0,0,0.0,5.028921672145127,4.049793861265536,4500.0,4205.64013671875,-294.35986328125,299.28302001953125,326.63800048828125,331.61102294921875,6.749987948699021
FCC,non-magnetic,FCC nonmagnetic,3.00_5000K,dataset/fcc/non-mag/3.00_5000K.npz,128,400,399,1,0.9975,0.9975,1.0,0.9975,0.9975,1.0,0,0.0,5.385714352698706,4.336198231191689,5000.0,4708.34765625,-291.65234375,298.6860046386719,330.8909912109375,336.97601318359375,6.749987948699021
FCC,non-magnetic,FCC nonmagnetic,3.00_5500K,dataset/fcc/non-mag/3.00_5500K.npz,128,400,399,1,0.9975,0.9975,1.0,0.9975,0.9975,1.0,0,0.0,5.640287498408656,4.374916034112067,5500.0,5133.279296875,-366.720703125,298.6940002441406,333.37200927734375,341.5299987792969,6.749987948699021
FCC,non-magnetic,FCC nonmagnetic,3.00_6000K,dataset/fcc/non-mag/3.00_6000K.npz,128,400,399,1,0.9975,0.9975,1.0,0.9975,0.9975,1.0,0,0.0,5.974674108412001,4.705551706341246,6000.0,5708.90966796875,-291.09033203125,298.4200134277344,337.51202392578125,346.0010070800781,6.749987948699021
FCC,non-magnetic,FCC nonmagnetic,3.00_6500K,dataset/fcc/non-mag/3.00_6500K.npz,128,400,399,1,0.9975,0.9975,1.0,0.9975,0.9975,1.0,0,0.0,5.937142227064979,4.726797376317264,6500.0,6035.2666015625,-464.7333984375,299.6360168457031,340.94000244140625,350.4159851074219,6.749987948699021
FCC,non-magnetic,FCC nonmagnetic,3.05_4000K,dataset/fcc/non-mag/3.05_4000K.npz,128,400,399,1,0.9975,0.9975,1.0,0.9975,0.9975,1.0,0,0.0,4.281261828201293,3.5277744868080774,4000.0,3752.39697265625,-247.60302734375,234.7639923095703,259.80401611328125,265.3830261230469,7.0931943511408475
FCC,non-magnetic,FCC nonmagnetic,3.05_4500K,dataset/fcc/non-mag/3.05_4500K.npz,128,400,399,1,0.9975,0.9975,1.0,0.9975,0.9975,1.0,0,0.0,4.606954345843386,3.780387532272696,4500.0,4252.033203125,-247.966796875,234.91299438476562,263.2279968261719,268.4090270996094,7.0931943511408475
FCC,non-magnetic,FCC nonmagnetic,3.05_5000K,dataset/fcc/non-mag/3.05_5000K.npz,128,400,399,1,0.9975,0.9975,1.0,0.9975,0.9975,1.0,0,0.0,4.9982298094438615,4.113980700686396,5000.0,4762.58837890625,-237.41162109375,234.47300720214844,267.2539978027344,273.4020080566406,7.0931943511408475
FCC,non-magnetic,FCC nonmagnetic,3.05_5500K,dataset/fcc/non-mag/3.05_5500K.npz,128,400,399,1,0.9975,0.9975,1.0,0.9975,0.9975,1.0,0,0.0,5.299456414971001,4.191225653509592,5500.0,5269.6748046875,-230.3251953125,234.5850067138672,269.76300048828125,278.760009765625,7.0931943511408475
FCC,non-magnetic,FCC nonmagnetic,3.05_6000K,dataset/fcc/non-mag/3.05_6000K.npz,128,400,399,1,0.9975,0.9975,1.0,0.9975,0.9975,1.0,0,0.0,5.565388887884179,4.378906802122638,6000.0,5708.06689453125,-291.93310546875,234.4639892578125,275.4750061035156,283.00201416015625,7.0931943511408475
FCC,non-magnetic,FCC nonmagnetic,3.05_6500K,dataset/fcc/non-mag/3.05_6500K.npz,128,400,399,1,0.9975,0.9975,1.0,0.9975,0.9975,1.0,0,0.0,5.899736355775255,4.576912272318902,6500.0,6065.98876953125,-434.01123046875,235.2939910888672,277.40802001953125,285.614990234375,7.0931943511408475
FCC,non-magnetic,FCC nonmagnetic,3.10_4000K,dataset/fcc/non-mag/3.10_4000K.npz,128,400,399,1,0.9975,0.9975,1.0,0.9975,0.9975,1.0,0,0.0,4.05815701225669,3.3295073084509363,4000.0,3780.049072265625,-219.950927734375,182.2519989013672,207.30801391601562,214.0649871826172,7.447746238056165
FCC,non-magnetic,FCC nonmagnetic,3.10_4500K,dataset/fcc/non-mag/3.10_4500K.npz,128,400,399,1,0.9975,0.9975,1.0,0.9975,0.9975,1.0,0,0.0,4.434818003379484,3.4348684328842056,4500.0,4166.408203125,-333.591796875,182.2740020751953,210.3780059814453,215.3090057373047,7.447746238056165
FCC,non-magnetic,FCC nonmagnetic,3.10_5000K,dataset/fcc/non-mag/3.10_5000K.npz,128,400,399,1,0.9975,0.9975,1.0,0.9975,0.9975,1.0,0,0.0,4.629522530726965,3.7262139572535595,5000.0,4789.8359375,-210.1640625,182.00900268554688,215.7889862060547,222.47900390625,7.447746238056165
FCC,non-magnetic,FCC nonmagnetic,3.10_5500K,dataset/fcc/non-mag/3.10_5500K.npz,128,400,399,1,0.9975,0.9975,1.0,0.9975,0.9975,1.0,0,0.0,4.985044663476895,3.9534071322430804,5500.0,5272.9658203125,-227.0341796875,181.9300079345703,218.7830047607422,225.94200134277344,7.447746238056165
FCC,non-magnetic,FCC nonmagnetic,3.10_6000K,dataset/fcc/non-mag/3.10_6000K.npz,128,400,399,1,0.9975,0.9975,1.0,0.9975,0.9975,1.0,0,0.0,4.915339087500708,4.049991993699124,6000.0,5443.1328125,-556.8671875,181.031005859375,220.53001403808594,227.5340118408203,7.447746238056165
FCC,non-magnetic,FCC nonmagnetic,3.10_6500K,dataset/fcc/non-mag/3.10_6500K.npz,128,400,399,1,0.9975,0.9975,1.0,0.9975,0.9975,1.0,0,0.0,5.757904061730194,4.371076431231182,6500.0,6428.47265625,-71.52734375,182.07400512695312,231.9139862060547,240.32400512695312,7.447746238056165
FCC,non-magnetic,FCC nonmagnetic,3.15_4000K,dataset/fcc/non-mag/3.15_4000K.npz,128,400,399,1,0.9975,0.9975,1.0,0.9975,0.9975,1.0,0,0.0,4.0147156675033315,3.1900526957696647,4000.0,3913.678955078125,-86.321044921875,137.60400390625,164.9199981689453,170.23800659179688,7.813920341086132
FCC,non-magnetic,FCC nonmagnetic,3.15_4500K,dataset/fcc/non-mag/3.15_4500K.npz,128,400,399,1,0.9975,0.9975,1.0,0.9975,0.9975,1.0,0,0.0,4.054231325136977,3.3338962478748404,4500.0,4378.5380859375,-121.4619140625,137.21400451660156,168.91600036621094,173.58700561523438,7.813920341086132
FCC,non-magnetic,FCC nonmagnetic,3.15_5000K,dataset/fcc/non-mag/3.15_5000K.npz,128,400,399,1,0.9975,0.9975,1.0,0.9975,0.9975,1.0,0,0.0,4.522439356011757,3.440234276711388,5000.0,4533.9267578125,-466.0732421875,136.85400390625,170.4300079345703,176.0850067138672,7.813920341086132
FCC,non-magnetic,FCC nonmagnetic,3.15_5500K,dataset/fcc/non-mag/3.15_5500K.npz,128,400,399,1,0.9975,0.9975,1.0,0.9975,0.9975,1.0,0,0.0,4.578955714466412,3.6960320677623266,5500.0,5432.52490234375,-67.47509765625,136.6160125732422,177.14100646972656,183.42100524902344,7.813920341086132
FCC,non-magnetic,FCC nonmagnetic,3.15_6000K,dataset/fcc/non-mag/3.15_6000K.npz,128,400,399,1,0.9975,0.9975,1.0,0.9975,0.9975,1.0,0,0.0,5.062508330166116,3.9512039679428095,6000.0,5612.73046875,-387.26953125,138.06600952148438,178.6219940185547,190.19200134277344,7.813920341086132
FCC,non-magnetic,FCC nonmagnetic,3.15_6500K,dataset/fcc/non-mag/3.15_6500K.npz,128,400,399,1,0.9975,0.9975,1.0,0.9975,0.9975,1.0,0,0.0,5.194146675578148,3.9707749306165465,6500.0,5931.08203125,-568.91796875,138.60800170898438,191.65699768066406,202.17300415039062,7.813920341086132
FCC,non-magnetic,FCC nonmagnetic,3.20_4000K,dataset/fcc/non-mag/3.20_4000K.npz,128,400,399,1,0.9975,0.9975,1.0,0.9975,0.9975,1.0,0,0.0,3.8981762060660508,2.9392944670490704,4000.0,3904.974853515625,-95.025146484375,101.0250015258789,128.572998046875,135.64300537109375,8.19200569458157
FCC,non-magnetic,FCC nonmagnetic,3.20_4500K,dataset/fcc/non-mag/3.20_4500K.npz,128,400,399,1,0.9975,0.9975,1.0,0.9975,0.9975,1.0,0,0.0,3.7433027358806825,2.976032287049744,4500.0,4227.26904296875,-272.73095703125,101.84300231933594,131.927001953125,135.51300048828125,8.19200569458157
FCC,non-magnetic,FCC nonmagnetic,3.20_5000K,dataset/fcc/non-mag/3.20_5000K.npz,128,400,399,1,0.9975,0.9975,1.0,0.9975,0.9975,1.0,0,0.0,3.9215094873351912,3.1954235624042298,5000.0,4644.46923828125,-355.53076171875,101.86199951171875,136.0330047607422,142.1420135498047,8.19200569458157
FCC,non-magnetic,FCC nonmagnetic,3.20_5500K,dataset/fcc/non-mag/3.20_5500K.npz,128,400,399,1,0.9975,0.9975,1.0,0.9975,0.9975,1.0,0,0.0,4.492562282822964,3.4803236534991755,5500.0,5327.7412109375,-172.2587890625,101.08900451660156,141.8249969482422,152.7310028076172,8.19200569458157
FCC,non-magnetic,FCC nonmagnetic,3.20_6000K,dataset/fcc/non-mag/3.20_6000K.npz,128,400,399,1,0.9975,0.9975,1.0,0.9975,0.9975,1.0,0,0.0,4.344606832993794,3.5801739866459177,6000.0,5487.90185546875,-512.09814453125,102.00399780273438,153.23199462890625,161.30999755859375,8.19200569458157
FCC,non-magnetic,FCC nonmagnetic,3.20_6500K,dataset/fcc/non-mag/3.20_6500K.npz,128,400,399,1,0.9975,0.9975,1.0,0.9975,0.9975,1.0,0,0.0,4.877890765448953,3.7744132529625354,6500.0,5901.4951171875,-598.5048828125,101.28400421142578,152.61399841308594,163.0959930419922,8.19200569458157
HCP,non-magnetic,HCP nonmagnetic,a_2.10_c_3.36_5000K,dataset/hcp/a_2.10_c_3.36_5000K.npz,128,400,399,1,0.9975,0.9975,1.0,0.9975,0.9975,1.0,0,0.0,5.557160657725122,4.4942451948674105,5000.0,5027.22216796875,27.22216796875,402.1700134277344,407.510009765625,426.46002197265625,6.416206571563002
HCP,non-magnetic,HCP nonmagnetic,a_2.10_c_3.38_5000K,dataset/hcp/a_2.10_c_3.38_5000K.npz,128,400,399,1,0.9975,0.9975,1.0,0.9975,0.9975,1.0,0,0.0,6.09179286926744,4.592850060024335,5000.0,4893.5810546875,-106.4189453125,390.052001953125,397.1510009765625,417.12701416015625,6.45439899156756
HCP,non-magnetic,HCP nonmagnetic,a_2.11_c_3.38_5000K,dataset/hcp/a_2.11_c_3.38_5000K.npz,128,400,399,1,0.9975,0.9975,1.0,0.9975,0.9975,1.0,0,0.0,5.345274906812346,4.4030911550555265,5000.0,4843.685546875,-156.314453125,380.0030212402344,384.87701416015625,403.2919921875,6.516029695097799
HCP,non-magnetic,HCP nonmagnetic,a_2.11_c_3.39_5000K,dataset/hcp/a_2.11_c_3.39_5000K.npz,128,400,399,1,0.9975,0.9975,1.0,0.9975,0.9975,1.0,0,0.0,5.475079543672305,4.41579921386306,5000.0,4995.58935546875,-4.41064453125,373.4169921875,379.53302001953125,396.8330078125,6.535306219544157
HCP,non-magnetic,HCP nonmagnetic,a_2.11_c_3.40_5000K,dataset/hcp/a_2.11_c_3.40_5000K.npz,128,400,399,1,0.9975,0.9975,1.0,0.9975,0.9975,1.0,0,0.0,5.485907236137622,4.369345623507715,5000.0,4942.7041015625,-57.2958984375,365.7649841308594,375.64300537109375,392.7879943847656,6.554583228897922
HCP,non-magnetic,HCP nonmagnetic,a_2.12_c_3.38_5000K,dataset/hcp/a_2.12_c_3.38_5000K.npz,128,400,399,1,0.9975,0.9975,1.0,0.9975,0.9975,1.0,0,0.0,5.550642517375137,4.352585383426203,5000.0,4762.7783203125,-237.2216796875,359.2439880371094,365.5340270996094,383.1139831542969,6.577952926243849
HCP,non-magnetic,HCP nonmagnetic,a_2.12_c_3.40_5000K,dataset/hcp/a_2.12_c_3.40_5000K.npz,128,400,399,1,0.9975,0.9975,1.0,0.9975,0.9975,1.0,0,0.0,5.598194496687475,4.380545760102113,5000.0,4951.79345703125,-48.20654296875,354.0450134277344,360.7229919433594,383.41400146484375,6.616875809021812
HCP,non-magnetic,HCP nonmagnetic,a_2.12_c_3.42_5000K,dataset/hcp/a_2.12_c_3.42_5000K.npz,128,400,399,1,0.9975,0.9975,1.0,0.9975,0.9975,1.0,0,0.0,5.930673050748781,4.206549972961261,5000.0,4977.912109375,-22.087890625,343.5050048828125,349.7120056152344,373.7790222167969,6.655799183635332
HCP,non-magnetic,HCP nonmagnetic,a_2.12_c_3.44_5000K,dataset/hcp/a_2.12_c_3.44_5000K.npz,128,400,399,1,0.9975,0.9975,1.0,0.9975,0.9975,1.0,0,0.0,5.455834023525558,4.182061440252577,5000.0,4984.9375,-15.0625,335.1620178222656,343.9620056152344,364.20501708984375,6.694722066413295
HCP,non-magnetic,HCP nonmagnetic,a_2.14_c_3.40_5000K,dataset/hcp/a_2.14_c_3.40_5000K.npz,128,400,399,1,0.9975,0.9975,1.0,0.9975,0.9975,1.0,0,0.0,5.254396672433183,4.30395534552911,5000.0,4808.30615234375,-191.69384765625,321.9850158691406,328.6409912109375,349.78302001953125,6.7423370361714
HCP,non-magnetic,HCP nonmagnetic,a_2.14_c_3.42_5000K,dataset/hcp/a_2.14_c_3.42_5000K.npz,128,400,399,1,0.9975,0.9975,1.0,0.9975,0.9975,1.0,0,0.0,5.515459428386179,4.308314839396887,5000.0,5092.66552734375,92.66552734375,319.2480163574219,323.8320007324219,343.9209899902344,6.781998244002079
HCP,non-magnetic,HCP nonmagnetic,a_2.14_c_3.44_5000K,dataset/hcp/a_2.14_c_3.44_5000K.npz,128,400,399,1,0.9975,0.9975,1.0,0.9975,0.9975,1.0,0,0.0,5.131334202082685,4.225067932865287,5000.0,4983.4404296875,-16.5595703125,308.43798828125,317.5190124511719,337.5830078125,6.822274539108759
HCP,non-magnetic,HCP nonmagnetic,a_2.14_c_3.46_5000K,dataset/hcp/a_2.14_c_3.46_5000K.npz,128,400,399,1,0.9975,0.9975,1.0,0.9975,0.9975,1.0,0,0.0,5.325433399481188,4.059135624466085,5000.0,5027.38916015625,27.38916015625,305.1929931640625,312.93798828125,327.56500244140625,6.861935778579064
HCP,non-magnetic,HCP nonmagnetic,a_2.16_c_3.40_5000K,dataset/hcp/a_2.16_c_3.40_5000K.npz,128,400,399,1,0.9975,0.9975,1.0,0.9975,0.9975,1.0,0,0.0,5.431052813387736,4.139154514948276,5000.0,4953.81494140625,-46.18505859375,298.8520202636719,306.46002197265625,325.21002197265625,6.868851631374117
HCP,non-magnetic,HCP nonmagnetic,a_2.16_c_3.42_5000K,dataset/hcp/a_2.16_c_3.42_5000K.npz,128,400,399,1,0.9975,0.9975,1.0,0.9975,0.9975,1.0,0,0.0,5.21845631443509,4.148372995679001,5000.0,4960.07666015625,-39.92333984375,291.4230041503906,297.16900634765625,314.281005859375,6.909255447573913
HCP,non-magnetic,HCP nonmagnetic,a_2.16_c_3.44_5000K,dataset/hcp/a_2.16_c_3.44_5000K.npz,128,400,399,1,0.9975,0.9975,1.0,0.9975,0.9975,1.0,0,0.0,4.873890498256123,3.869990614057512,5000.0,4888.8876953125,-111.1123046875,285.3399963378906,292.5840148925781,306.2489929199219,6.949663425361579
HCP,non-magnetic,HCP nonmagnetic,a_2.18_c_3.40_5000K,dataset/hcp/a_2.18_c_3.40_5000K.npz,128,400,399,1,0.9975,0.9975,1.0,0.9975,0.9975,1.0,0,0.0,4.882234150655902,4.063182812532814,5000.0,4791.90576171875,-208.09423828125,273.60601806640625,279.5419921875,299.9490051269531,6.996669934405
HCP,non-magnetic,HCP nonmagnetic,a_2.18_c_3.42_5000K,dataset/hcp/a_2.18_c_3.42_5000K.npz,128,400,399,1,0.9975,0.9975,1.0,0.9975,0.9975,1.0,0,0.0,4.8387819177876015,4.0178943101301074,5000.0,4874.8486328125,-125.1513671875,270.07501220703125,276.8970031738281,294.7279968261719,7.037825369307295
HCP,non-magnetic,HCP nonmagnetic,a_2.18_c_3.46_5000K,dataset/hcp/a_2.18_c_3.46_5000K.npz,128,400,399,1,0.9975,0.9975,1.0,0.9975,0.9975,1.0,0,0.0,4.937644160534775,3.888310565643263,5000.0,4828.62890625,-171.37109375,258.6189880371094,263.8479919433594,279.5400085449219,7.120141052175212
HCP,non-magnetic,HCP nonmagnetic,a_2.20_c_3.40_5000K,dataset/hcp/a_2.20_c_3.40_5000K.npz,128,400,399,1,0.9975,0.9975,1.0,0.9975,0.9975,1.0,0,0.0,4.964503451063817,3.971088833474385,5000.0,4886.142578125,-113.857421875,254.30101013183594,265.13201904296875,282.7640075683594,7.125668447713933
HCP,non-magnetic,HCP nonmagnetic,a_2.20_c_3.42_5000K,dataset/hcp/a_2.20_c_3.42_5000K.npz,128,400,399,1,0.9975,0.9975,1.0,0.9975,0.9975,1.0,0,0.0,4.755724380018081,3.8123322465871485,5000.0,5052.5673828125,52.5673828125,249.36900329589844,257.8179931640625,269.72100830078125,7.1675802452451975
BCC,collinear DLM,BCC collinear DLM,simulation,dataset/bcc/magnetic-collinear/simulation.npz,128,113,112,1,0.9911504424778761,0.9911504424778761,1.0,0.9911504424778761,0.9911504424778761,1.0,0,0.0,3.532545453557411,2.985940508338519,4046.856201171875,4043.7193603515625,-3.1368408203125,123.10799407958984,125.91699981689453,128.46299743652344,8.290679149811352
BCC,noncollinear,BCC noncollinear,simulation,dataset/bcc/magnetic-non_coll/simulation.npz,128,2,2,0,1.0,1.0,1.0,1.0,1.0,1.0,0,0.0,nan,3.0742189555751898,4049.513916015625,4049.513916015625,0.0,121.86199951171875,124.11800003051758,126.3740005493164,8.290679149811352
