run,scf_iteration,mixing_beta,energy_ry,estimated_scf_accuracy_ry,mx_muB_cell,my_muB_cell,mz_muB_cell,net_magnetization_muB_cell,absolute_magnetization_muB_cell,absolute_magnetization_muB_atom
try1,1,0.1,-41383.59415753,32322.03286089,0.13,-2.75,-0.49,2.79633688957536,2344.67,18.317734375
try1,2,0.1,-42062.45828096,403.90958395,-0.15,-5.93,-0.55,5.957340010440902,161.97,1.265390625
try1,3,0.1,-42084.13196718,276.37565922,-1.22,-4.57,1.68,5.019531850680898,145.03,1.133046875
try1,4,0.1,-42090.37155735,217.54238202,-1.73,-5.76,1.59,6.220819881655472,131.52,1.0275
try1,5,0.1,-42095.74672744,174.03061301,-1.85,-5.01,1.37,5.5135741583840145,118.58,0.92640625
try1,6,0.1,-42101.26279214,133.08816425,-2.09,-4.35,0.75,4.88396355432757,105.81,0.826640625
try1,7,0.1,-42105.88070088,87.48659151,-2.95,-2.31,-0.15,3.749813328687176,91.3,0.71328125
try1,8,0.1,-42107.32229447,57.30509079,-3.56,-1.51,0.96,3.9843820097977556,80.85,0.631640625
try1,9,0.1,-42107.82899805,46.92970877,-0.82,-1.68,-3.08,3.602943241295927,77.46,0.60515625
try1,10,0.1,-42109.55106809,41.82493991,-0.54,-2.08,-0.49,2.204109797628058,71.21,0.556328125
try1,11,0.1,-42110.76806793,38.56183187,-1.32,-0.98,1.41,2.165848563496534,68.39,0.534296875
try1,12,0.1,-42110.77935697,29.36878003,-1.3,0.46,-1.35,1.9297927349847703,70.53,0.551015625
try1,13,0.1,-42110.77595312,26.06159737,-1.37,-0.06,-3.35,3.6198066246693346,66.19,0.517109375
try1,14,0.1,-42115.51905456,24.64923474,-0.3,0.04,5.28,5.288667128870941,62.86,0.49109375
try1,15,0.1,-42066.58290666,478.69465246,1.12,12.53,44.84,46.57124542032347,363.05,2.836328125
try1,16,0.1,-42367.55100698,132.86273664,-6.39,4.68,3.76,8.767673579690339,291.73,2.279140625
try1,17,0.1,-42368.1063548,118.11329626,-5.39,4.26,7.76,10.364231761206423,281.16,2.1965625
try1,18,0.1,-42360.10485044,114.56306369,-3.95,3.8,7.58,9.35408466927684,278.37,2.174765625
try1,19,0.1,-42266.37198343,109.83160635,-5.92,5.24,8.78,11.81492276741579,274.39,2.143671875
try1,20,0.1,-42316.22315,88.68357281,-8.13,-6.57,22.68,24.972869278478996,256.13,2.001015625
try1,21,0.1,-41302.88994794,1171.89197301,-34.22,0.65,64.72,73.2127673292029,284.84,2.2253125
try1,22,0.1,-42063.04095986,31.47709273,14.99,-0.68,-4.77,15.74532946622585,146.41,1.143828125
try1,23,0.1,-42098.97127268,39.52996486,-6.57,2.35,6.17,9.31430620067861,158.73,1.240078125
try1,24,0.1,-42104.39776152,68.13406714,-4.91,1.34,-0.62,5.127192214068047,131.6,1.028125
try1,25,0.1,-42111.22188548,31.01884996,1.91,0.47,-7.58,7.831053568965034,90.33,0.705703125
try1,26,0.1,-42109.17396987,15.96137999,0.84,-0.0,-6.82,6.871535490703661,78.24,0.61125
try1,27,0.1,-42107.07582727,14.43548782,1.84,2.73,12.01,12.453055849870745,80.48,0.62875
try1,28,0.1,-42114.48075562,23.72621555,-0.98,0.53,-1.33,1.7349927953740905,81.8,0.6390625
try1,29,0.1,-42109.49765972,10.37040564,-0.18,0.75,2.44,2.5590037123849587,63.19,0.493671875
try1,30,0.1,-42115.45607398,15.9205086,3.66,-2.34,3.63,5.661104132587565,88.18,0.68890625
try1,31,0.1,-42111.21562249,10.87933416,3.91,1.57,7.98,9.024045655912873,74.03,0.578359375
try1,32,0.1,-42113.25877434,13.42991947,-1.24,-2.36,-3.78,4.625537806569091,82.24,0.6425
try1,33,0.1,-42112.39955695,9.68527904,-0.76,-1.32,-1.85,2.396351393264352,72.74,0.56828125
try1,34,0.1,-42104.38648412,8.29314251,-0.12,-3.36,0.14,3.3650557201924607,73.27,0.572421875
try1,35,0.1,-42107.4399139,16.27840111,3.95,7.62,-4.17,9.542316280652198,102.27,0.798984375
try1,36,0.1,-42101.47193025,11.67298853,1.07,-6.58,7.48,10.019565858858357,93.47,0.730234375
try1,37,0.1,-42109.6537535,21.68721763,-5.67,-0.29,-13.63,14.765158312730684,107.76,0.841875
try1,38,0.1,-42110.13398827,8.55966751,5.6,-4.19,-3.5,7.820875910024401,82.07,0.641171875
try1,39,0.1,-42113.2343981,12.41610932,-2.12,-4.13,-0.32,4.653353629373121,90.99,0.710859375
try1,40,0.1,-42113.33603914,7.75464575,-4.19,-1.92,-6.09,7.637447217493552,72.1,0.56328125
try1,41,0.1,-42113.51690488,8.28955087,0.41,-1.46,-7.31,7.465641298642736,74.27,0.580234375
try1,42,0.1,-42114.69273294,6.14289868,1.83,0.96,4.59,5.033746119938907,65.65,0.512890625
try1,43,0.1,-42114.08398456,5.25660403,-2.84,-2.41,-5.62,6.7422622316252285,58.77,0.459140625
try1,44,0.1,-42109.65309242,7.83135866,2.23,1.85,1.52,3.2719718825197748,79.77,0.623203125
try1,45,0.1,-42114.59563284,10.34044106,-0.79,2.31,-5.44,5.96270073037378,77.9,0.60859375
try1,46,0.1,-42106.58576203,5.77185097,-3.47,-1.61,1.97,4.302778172297521,65.06,0.50828125
try1,47,0.1,-42112.02723689,17.9096032,-0.64,0.8,-8.05,8.114930683622628,109.55,0.855859375
try1,48,0.1,-42110.75544622,11.38150198,0.94,5.27,-7.18,8.955942161492558,86.18,0.67328125
try1,49,0.1,-42107.69682619,8.17448943,-3.21,-4.4,0.04,5.446622806840952,77.16,0.6028125
try1,50,0.1,-42108.64047604,10.50985653,-3.12,2.03,-18.22,18.596335660554203,80.32,0.6275
try1,51,0.1,-42114.28083696,9.62034524,5.88,-2.7,13.01,14.530123881096127,77.12,0.6025
try1,52,0.1,-42107.53748949,6.1030992,5.28,3.83,-14.73,16.109630659949968,74.06,0.57859375
try1,53,0.1,-42112.77818676,8.57098255,-3.35,-4.36,4.15,6.888729926481369,86.4,0.675
try1,54,0.1,-42111.13436523,3.97121235,1.08,0.53,-0.58,1.3355523202031436,55.32,0.4321875
try1,55,0.1,-42116.10416485,10.11433261,-3.31,-2.39,-8.46,9.3936042071188,85.49,0.667890625
try1,56,0.1,-42110.93047116,5.90573612,3.87,-1.26,6.22,7.433229446209769,77.13,0.602578125
try1,57,0.1,-42114.96061716,5.0056053,-4.27,-0.89,-1.77,4.70721786196475,63.01,0.492265625
try1,58,0.1,-42113.64514013,5.3710927,-1.06,-2.47,-8.57,8.981614554187905,63.08,0.4928125
try1,59,0.1,-42114.66403969,4.74944065,-1.26,-4.84,5.12,7.157345876789803,66.97,0.523203125
try1,60,0.1,-42115.269486,3.44211611,-2.61,-2.44,4.49,5.738100731078185,56.97,0.445078125
try1,61,0.1,-42115.44944123,3.41409434,-2.7,-1.53,-3.18,4.4433433358227,56.02,0.43765625
try1,62,0.1,-42112.65386322,7.62271715,3.01,3.73,-7.08,8.549818711528333,83.33,0.651015625
try1,63,0.1,-42115.95667387,2.82689391,-0.88,0.61,1.19,1.6008122938058664,53.65,0.419140625
try1,64,0.1,-42115.13046733,3.22178888,-2.03,0.44,-11.62,11.804189934086963,51.73,0.404140625
try1,65,0.1,-42115.0336877,4.07823598,2.19,-2.06,11.14,11.538600435061438,63.32,0.4946875
try1,66,0.1,-42114.05354612,3.24534877,0.22,2.22,-9.28,9.544380545640456,58.53,0.457265625
try1,67,0.1,-42114.74395021,3.60683983,-0.81,-1.48,6.29,6.512342128604732,60.69,0.474140625
try1,68,0.1,-42115.88471134,3.53257553,-4.09,-0.79,-3.62,5.518749858437144,58.15,0.454296875
try1,69,0.1,-42114.44452961,2.26992551,1.4,-2.7,-3.56,4.68226440944977,46.84,0.3659375
try1,70,0.1,-42110.71441194,11.31981879,-0.78,4.46,9.42,10.45162188370781,96.29,0.752265625
try1,71,0.1,-42115.26100824,4.05755983,0.05,-2.88,5.28,6.014590592883276,62.91,0.491484375
try1,72,0.1,-42114.515151,2.3040784,1.29,-0.3,-3.88,4.099817069089791,45.48,0.3553125
try1,73,0.1,-42115.37555425,5.70590478,-8.26,-3.19,4.86,10.100658394382021,68.92,0.5384375
try1,74,0.1,-42115.371688,1.84525653,0.5,-0.85,-2.79,2.9591552848743845,40.36,0.3153125
try1,75,0.1,-42117.34383782,3.68703863,-1.35,-0.52,1.71,2.239866067424568,56.48,0.44125
try1,76,0.1,-42113.37611798,6.38380246,3.38,1.02,-10.04,10.642668838219103,81.58,0.63734375
try1,77,0.1,-42114.9055568,3.25927552,-2.21,-2.7,-0.2,3.494867665591932,57.71,0.450859375
try1,78,0.1,-42117.43345594,4.63240204,0.68,-4.26,6.57,7.85970101212508,61.82,0.48296875
try1,79,0.1,-42113.32196129,3.07609613,1.93,-1.93,12.92,13.205158083112826,60.33,0.471328125
try1,80,0.1,-42115.36661777,6.98662821,-1.63,1.29,-16.36,16.491531159962072,72.19,0.563984375
try1,81,0.1,-42117.80503196,3.40263727,-1.01,-2.0,-0.15,2.2455734234266314,50.86,0.39734375
try1,82,0.1,-42117.05756624,1.92782627,-0.79,-0.56,-5.69,5.771810807710176,45.88,0.3584375
try1,83,0.1,-42114.35740277,2.75320701,0.5,1.66,-0.73,1.8810901094843915,57.22,0.44703125
try1,84,0.1,-42106.30230804,13.56043706,2.82,3.49,4.26,6.187091400650227,102.7,0.80234375
try1,85,0.1,-42115.36326826,3.14541207,-2.55,-4.92,4.93,7.417128824551991,60.22,0.47046875
try1,86,0.1,-42114.32397661,3.04382112,2.02,-2.7,-2.3,4.081715325693353,52.53,0.410390625
try1,87,0.1,-42114.34581603,3.7322501,-6.62,0.64,5.64,8.720298160040171,57.52,0.449375
try1,88,0.1,-42116.36447835,1.28211683,1.67,-2.58,-0.01,3.073336948660202,35.05,0.273828125
try1,89,0.1,-42113.02519533,6.63722682,4.39,-4.37,5.93,8.575190959972844,77.79,0.607734375
try1,90,0.1,-42111.34112278,7.71978382,0.76,4.86,-14.52,15.33060990306648,80.66,0.63015625
try1,91,0.1,-42115.39961557,3.19286243,-4.98,-3.2,6.68,8.925401951733042,61.51,0.480546875
try1,92,0.1,-42114.4751513,3.97255198,3.44,1.57,-3.84,5.389257833876572,58.11,0.453984375
try1,93,0.1,-42113.7434667,5.31983086,-0.47,-3.7,18.2,18.578237268373982,72.63,0.567421875
try1,94,0.1,-42116.50592612,2.27946214,2.11,-1.8,5.33,6.0084107715767905,48.01,0.375078125
try1,95,0.1,-42115.70926313,1.3746465,-2.03,-2.81,0.05,3.4669150552039776,36.62,0.28609375
try1,96,0.1,-42114.38243939,12.18173792,0.91,1.45,-14.14,14.243251033384198,95.67,0.747421875
try1,97,0.1,-42116.63924649,8.37893695,2.06,4.61,-2.89,5.817886214081538,80.7,0.63046875
try1,98,0.1,-42111.9975639,7.54294222,-1.3,4.93,3.57,6.2241304613576345,82.12,0.6415625
try1,99,0.1,-42114.76724104,4.27161675,6.77,1.3,-5.07,8.557324348182673,64.11,0.500859375
try1,100,0.1,-42115.21438793,2.4065675,0.82,-0.93,1.47,1.9230704615276062,49.36,0.385625
try1,101,0.1,-42115.99060977,1.72012237,3.03,0.75,0.27,3.133097508856052,41.0,0.3203125
try1,102,0.1,-42116.81552643,2.57508529,1.46,-6.3,2.54,6.947891766572073,51.02,0.39859375
try1,103,0.1,-42116.21007634,2.63898625,-3.12,2.21,-2.22,4.421187623252377,54.95,0.429296875
try1,104,0.1,-42111.75197007,7.3206504,-1.28,2.31,-12.49,12.76615055527703,80.92,0.6321875
try1,105,0.1,-42114.5567091,5.24870445,-5.02,-2.95,4.78,7.533345870196058,72.08,0.563125
try1,106,0.1,-42115.30835954,1.18026536,2.84,-0.09,-1.87,3.4015584663503877,36.57,0.285703125
try1,107,0.1,-42113.65892037,7.24635755,-3.23,-3.9,21.4,21.990973148089648,81.96,0.6403125
try1,108,0.1,-42117.73332666,1.44544298,-4.13,-1.49,-0.6,4.431365478043985,41.88,0.3271875
try1,109,0.1,-42116.79797897,2.31533845,-0.5,-2.15,-0.03,2.2075778581966254,49.91,0.389921875
try1,110,0.1,-42115.07258054,2.80497383,-0.5,-2.12,-3.6,4.207659682056048,59.18,0.46234375
try1,111,0.1,-42116.3498193,1.60272943,0.44,0.2,3.18,3.216519858480591,42.15,0.329296875
try1,112,0.1,-42113.12057276,6.26204879,-1.74,2.16,3.85,4.745071126969543,73.66,0.57546875
try1,113,0.1,-42113.79875999,1.63870335,3.59,0.57,-3.14,4.803394632965316,46.9,0.36640625
try1,114,0.1,-42111.4056471,8.30202033,1.33,-0.75,5.82,6.016959364994915,84.35,0.658984375
try1,115,0.1,-42115.69595111,1.64113584,-3.67,-0.83,3.13,4.894353889942982,45.56,0.3559375
try2,1,0.01,-42243.31249982,36575.76908373,0.54,-0.43,0.32,0.7608547824650904,2558.44,19.9878125
try2,2,0.01,-41944.33128632,24581.19444742,-0.34,0.0,-0.37,0.5024937810560445,2073.92,16.2025
try2,3,0.01,-42128.1377476,1329.76271466,0.27,-1.25,-0.73,1.4725148556126693,548.51,4.285234375
try2,4,0.01,-42119.86039532,726.46459322,0.43,-1.16,-0.71,1.4263940549511556,452.32,3.53375
try2,5,0.01,-42113.31235233,322.00590825,0.58,-1.48,-0.99,1.8726718879718358,316.37,2.471640625
try2,6,0.01,-42111.54786992,142.00329848,0.75,-1.61,-0.86,1.9733727473541334,233.96,1.8278125
try2,7,0.01,-42109.99808,73.87995855,0.66,-1.67,-0.24,1.8116567003712376,181.51,1.418046875
try2,8,0.01,-42109.04184029,43.83493128,0.49,-1.75,0.34,1.8488374725756724,147.7,1.15390625
try2,9,0.01,-42108.11373413,29.37086772,0.38,-1.6,0.96,1.9042058712229621,123.16,0.9621875
try2,10,0.01,-42107.98042126,21.85949972,0.34,-1.55,1.15,1.959744881355734,104.24,0.814375
try2,11,0.01,-42108.52467589,18.20113431,0.36,-1.18,1.05,1.6200308639035246,90.48,0.706875
try2,12,0.01,-42109.77928108,15.35495747,0.39,-0.74,0.75,1.1234767465328332,81.73,0.638515625
try2,13,0.01,-42111.2266233,12.05449428,0.28,-0.52,0.5,0.7738216848861241,75.8,0.5921875
try2,14,0.01,-42112.55912303,8.74977846,0.22,0.02,0.26,0.3411744421846396,74.02,0.57828125
try2,15,0.01,-42113.27351334,6.78951848,0.14,0.37,0.07,0.4017461885320133,73.33,0.572890625
try2,16,0.01,-42113.67062012,5.95980211,0.06,0.48,0.13,0.5008991914547277,73.13,0.571328125
try2,17,0.01,-42114.04250065,5.50678568,0.04,0.44,0.11,0.45530209751328843,72.35,0.565234375
try2,18,0.01,-42114.46612896,4.82141747,0.27,0.55,-0.12,0.6243396511515187,70.21,0.548515625
try2,19,0.01,-42115.01846955,3.71889049,0.83,0.58,-0.32,1.0619322012256713,66.78,0.52171875
try2,20,0.01,-42115.19861933,2.79212526,1.35,0.55,1.03,1.7849089612638511,62.88,0.49125
try2,21,0.01,-42114.44835341,2.58323886,1.47,0.59,-1.33,2.0683084876294444,61.31,0.478984375
try2,22,0.01,-42115.43861677,3.33437522,0.7,0.25,4.35,4.413048832723245,61.38,0.47953125
try2,23,0.01,-42112.38007481,2.60037437,0.44,0.29,3.16,3.203638556391779,59.53,0.465078125
try2,24,0.01,-42118.95128939,4.45533231,-0.22,0.33,-7.47,7.480521372203945,61.31,0.478984375
try2,25,0.01,-42118.10548141,3.64478833,-0.29,-0.49,-4.6,4.635105176800199,61.69,0.481953125
try2,26,0.01,-42122.52004757,5.03741616,0.78,0.71,-9.74,9.796943400877643,63.47,0.495859375
try2,27,0.01,-42120.82010627,4.74470657,-0.12,0.47,-8.56,8.573733142569811,62.37,0.487265625
try2,28,0.01,-42119.03629584,5.18078925,0.42,1.2,-10.78,10.854713261989005,64.58,0.50453125
try2,29,0.01,-42119.5498404,3.80632229,0.77,0.69,-4.57,4.685498906199851,60.21,0.470390625
try2,30,0.01,-42120.48811997,4.39539163,1.07,1.61,-9.3,9.498789396549435,60.29,0.471015625
try2,31,0.01,-42118.1396705,4.78619181,1.23,1.4,-12.21,12.351396682157045,61.62,0.48140625
try2,32,0.01,-42115.36535876,3.91009655,0.21,0.86,-6.55,6.609553691437872,60.06,0.46921875
try2,33,0.01,-42116.91512054,5.64104944,0.97,-0.62,-0.93,1.4799324308900053,59.96,0.4684375
try2,34,0.01,-42108.62989377,4.61504146,1.2,1.26,-4.7,5.0117462026722785,57.33,0.447890625
try2,35,0.01,-42124.17923458,6.76075441,1.68,-1.15,-2.97,3.600805465447974,60.55,0.473046875
try2,36,0.01,-42121.72785004,5.61300601,0.06,0.21,-7.51,7.513175094459066,60.5,0.47265625
try2,37,0.01,-42116.54300919,4.76843671,3.7,-1.08,-3.52,5.219846741045181,54.87,0.428671875
try2,38,0.01,-42118.90474531,5.68879865,-1.84,4.15,-17.6,18.17603091986807,60.08,0.469375
try2,39,0.01,-42117.45068174,4.51684654,-0.27,1.95,-12.43,12.584923519831179,55.45,0.433203125
try2,40,0.01,-42122.13391354,6.15757426,0.13,0.07,-7.91,7.911377882518316,57.52,0.449375
try2,41,0.01,-42123.09331363,6.59564074,0.78,-0.61,-7.34,7.4064903969424005,61.44,0.48
try2,42,0.01,-42124.79834332,6.544252,1.98,-1.29,-6.45,6.869279438194373,61.39,0.479609375
try2,43,0.01,-42123.61439884,6.79474258,-1.65,-0.2,-9.19,9.339089891418757,64.53,0.504140625
try2,44,0.01,-42123.54401641,6.26794669,-0.7,-1.29,-6.12,6.293528422117437,60.36,0.4715625
try2,45,0.01,-42118.03136675,7.75661537,1.81,-0.93,-0.8,2.1865497936246503,66.54,0.51984375
try2,46,0.01,-42114.27270898,6.23622281,3.0,-1.05,-3.69,4.870174534860121,59.83,0.467421875
try2,47,0.01,-42120.68173084,10.08800299,-3.34,-3.44,-1.34,4.978433488558424,75.39,0.588984375
try2,48,0.01,-42120.57073576,8.29146966,1.58,-2.8,1.85,3.7092991251717624,66.49,0.519453125
try2,49,0.01,-42118.95806164,9.03028789,-1.54,1.61,-0.43,2.269052665761639,69.78,0.54515625
try2,50,0.01,-42118.93503314,6.49472219,-1.92,0.18,-3.57,4.057548520966816,59.17,0.462265625
try2,51,0.01,-42117.41552554,7.44805151,-3.37,1.73,1.69,4.147999517839895,66.79,0.521796875
try2,52,0.01,-42113.5481369,3.89656952,-2.08,1.66,-2.94,3.965551664018513,57.11,0.446171875
try2,53,0.01,-42117.39181327,4.34409133,2.37,-0.49,0.65,2.5058930543820104,57.71,0.450859375
try2,54,0.01,-42117.02822276,3.08468069,-0.02,-1.39,5.05,5.237843067523119,50.38,0.39359375
try2,55,0.01,-42115.20621623,3.44081448,2.84,-0.36,4.98,5.744179662928381,52.82,0.41265625
try2,56,0.01,-42115.77222705,2.8753276,1.34,-1.61,0.64,2.190273955467672,50.93,0.397890625
try2,57,0.01,-42116.88265202,2.48138086,0.66,-0.48,2.17,2.3183830572189748,47.49,0.371015625
try2,58,0.01,-42115.92241158,2.30188805,0.96,-0.4,3.23,3.3933022264455017,47.72,0.3728125
try2,59,0.01,-42116.11049258,2.35707244,0.74,-0.17,-2.99,3.084898701740464,47.2,0.36875
try2,60,0.01,-42116.39073582,1.96196303,0.72,0.1,0.63,0.9619251530134764,43.95,0.343359375
try2,61,0.01,-42116.35320671,2.05488438,0.01,0.79,-0.57,0.9742176348229383,45.36,0.354375
try2,62,0.01,-42116.57452287,1.88685822,0.46,-0.24,1.24,1.3441726079637242,43.08,0.3365625
try2,63,0.01,-42116.87792609,2.06013351,-0.24,0.08,1.54,1.5606408939919523,45.0,0.3515625
try2,64,0.01,-42115.90259258,2.2011427,-1.58,0.51,0.33,1.6927492430953854,46.09,0.360078125
try2,65,0.01,-42116.59345609,1.83519003,0.38,0.17,0.61,0.7385120175054702,42.75,0.333984375
try2,66,0.01,-42116.62667611,1.89501854,0.37,0.08,-0.77,0.8580209787645054,42.7,0.33359375
try2,67,0.01,-42116.81713082,1.88635257,0.37,0.25,-1.78,1.8351566690612549,43.5,0.33984375
try2,68,0.01,-42116.88307031,2.21260381,1.24,0.18,-2.17,2.5057733337235435,45.02,0.35171875
try2,69,0.01,-42116.87215156,2.14437968,0.86,0.08,-1.67,1.8801329740207207,44.6,0.3484375
try2,70,0.01,-42116.91556255,2.18544771,1.69,-0.71,-0.92,2.0509997562164655,45.39,0.354609375
try2,71,0.01,-42116.77404965,2.28445099,1.79,-0.09,-0.8,1.962702218880898,45.42,0.35484375
try2,72,0.01,-42116.55922654,2.15312492,1.08,-0.38,0.07,1.1470396680150168,45.03,0.351796875
try2,73,0.01,-42116.67305434,2.03485029,1.55,0.2,-0.73,1.7249347813758062,42.7,0.33359375
try2,74,0.01,-42116.44447687,2.13712788,0.93,0.75,0.45,1.2766753698571929,44.4,0.346875
try2,75,0.01,-42116.49878467,1.92024653,1.21,0.24,1.74,2.1329088119279738,41.18,0.32171875
try2,76,0.01,-42116.42995239,2.28111172,0.38,1.3,-5.32,5.489699445324853,44.13,0.344765625
try2,77,0.01,-42115.97364139,2.30816366,0.32,-1.13,-2.03,2.345250519667355,45.45,0.355078125
try2,78,0.01,-42115.85447307,1.95935936,1.17,-1.61,2.09,2.886018017961773,42.98,0.33578125
try2,79,0.01,-42116.52263656,2.25176813,1.92,0.53,0.26,2.008706051168264,43.42,0.33921875
try2,80,0.01,-42115.97518419,1.82443776,1.51,0.02,1.62,2.2147008827378927,40.32,0.315
try2,81,0.01,-42121.22105395,4.5515291,0.76,0.98,-3.16,3.394642838355753,51.51,0.402421875
try2,82,0.01,-42120.38892042,4.37388599,1.58,2.14,-4.88,5.5579132774810365,49.37,0.385703125
try2,83,0.01,-42120.26909643,4.27575959,1.59,0.76,-2.76,3.2746450189295326,48.67,0.380234375
try2,84,0.01,-42118.578359,4.94083624,0.62,0.96,-3.29,3.482829309627447,54.35,0.424609375
try2,85,0.01,-42118.86453309,5.03550112,-1.45,3.47,-11.05,11.6724419039034,52.55,0.410546875
try2,86,0.01,-42118.65433214,4.2272641,-0.29,2.58,-8.56,8.94506008923361,48.67,0.380234375
