atom,label,frac_x,frac_y,frac_z,x_ang,y_ang,z_ang,starting_magnetization,theta_deg,phi_deg,spin_x,spin_y,spin_z
1,A01,0.9692343809,0.9984766383,0.9956593788,9.88619050031308,10.184461520215558,10.155725473852907,0.35,65.9205808824,312.0243956781,0.21391727736139493,-0.23737587182782574,0.14280088907379979
2,A02,0.2485786527,0.0156984832,0.0325079858,2.5355022101273508,0.16012452564574978,0.33158144895958935,0.35,61.8806349432,194.4528795046,-0.298919667347889,-0.07704366201551188,0.16495849967754597
3,A03,0.4776847959,0.9904705891,0.020656554,4.872384827068791,10.102799819902591,0.21069684686007217,0.35,59.786649375,30.140528798,0.26156214067888217,0.15186956157014259,0.17612746189045395
4,A04,0.7674052119,0.0211312659,0.9800026175,7.827533015008967,0.215538908149528,9.9960265115792,0.35,129.5747369918,327.1226163204,0.22656877385190058,-0.1464470828397367,-0.2229794668640537
5,A05,0.9841537513,0.2066875994,0.9913371811,10.038368075547435,2.1082134744574406,10.111639058137303,0.35,120.1326173162,239.0756178907,-0.15556100682615212,-0.25967266589370197,-0.1757011091111597
6,A06,0.2859887183,0.2248395532,0.0118630501,2.917084872111942,2.293363399755228,0.12100310875730114,0.35,59.8452866249,249.6375137644,-0.10530444358857151,-0.2837235691748141,0.17581783315467694
7,A07,0.496519357,0.204736799,0.9880504813,5.06449734669638,2.0883153107495267,10.07811472080419,0.35,18.6763378161,286.7158666801,0.03223641103955502,-0.10734154600192626,0.33156991164037364
8,A08,0.7725051045,0.2409824133,0.0226691049,7.879551918556238,2.4580205696962194,0.23122486565620828,0.35,31.1597759934,126.3922915418,-0.10744809336522158,0.1457801067079138,0.2995047040038067
9,A09,0.9770287573,0.5083829165,0.0149424626,9.96569313810642,5.185505651333584,0.1524131156699494,0.35,49.5785528608,22.5063896178,0.24615954062852297,0.10199478336492739,0.22694172098557827
10,A10,0.2693947256,0.5016469955,0.0054465677,2.747826149736997,5.116799258418361,0.05555498950114891,0.35,98.5694356944,317.7168019587,0.2560491452317874,-0.2328495766365541,-0.05215275530831085
11,A11,0.4644794762,0.4794273674,0.9866354493,4.7376905686475075,4.890159056036421,10.063681394674088,0.35,134.8412591819,147.6847084562,-0.20973500337993597,0.13266732448971935,-0.24680074831725646
12,A12,0.7480973005,0.4621163905,0.9907229524,7.630592322411661,4.71358709495823,10.105373925514458,0.35,118.8473830564,47.6469120868,0.20653396561781803,0.2265558024722789,-0.16886737225503237
13,A13,0.0085049309,0.7682090998,0.0153626427,0.08675029355781201,7.835732671435637,0.15669895260980635,0.35,96.0374180617,249.5754612989,-0.12146323914290738,-0.32617715717817514,-0.036812276105626755
14,A14,0.2701038718,0.790525496,0.060192503,2.755059440841738,8.06335990841912,0.6139635191191829,0.35,26.0496912861,235.7641901559,-0.08647315165280879,-0.127070471444128,0.31444473175774046
15,A15,0.5040200353,0.7669411898,0.9656625502,5.141004263925738,7.822799989677472,9.849757827854354,0.35,111.5535310282,264.1740798774,-0.033042976351107756,-0.32384478146784784,-0.12857962214092092
16,A16,0.7079288363,0.7320550084,0.961427588,7.220873995233194,7.466960946051488,9.806561214222109,0.35,153.9503087139,55.7641901559,0.08647315165280879,0.12707047144412795,-0.3144447317577405
17,A17,0.9425071217,0.9627329335,0.2227597386,9.613572461570904,9.819875738073135,2.2721492912319214,0.35,7.3822892935,150.7369348362,-0.039232153823811025,0.02198281520348517,0.3470988244608072
18,A18,0.2570598423,0.0383864716,0.2295043766,2.622010342429691,0.39154200299835634,2.340944597545483,0.35,166.481329011,234.4337751892,-0.04758820065540777,-0.06655334728560594,-0.3403028285563641
19,A19,0.5317618847,0.0222093314,0.2855724394,5.423971122514397,0.2265351760439032,2.9128388274113406,0.35,79.192654816,8.233243891,0.34024876799572756,0.04923213036631298,0.06562753398524059
20,A20,0.749997139,0.9974407195,0.2661829889,7.649970674749295,10.173895148653145,2.7150664360095873,0.35,110.3508245316,345.0664493427,0.31707002093693487,-0.0845646517757733,-0.12171861604986263
21,A21,0.0152752688,0.2895068824,0.2586525083,0.15580773884647162,2.9529701452609047,2.6382555353259134,0.35,62.6767545934,96.6211606327,-0.03585388561618745,0.3088769135182471,0.16065351282079893
22,A22,0.2442821711,0.255183965,0.2312075645,2.49167809862684,2.6028763943274864,2.358317113800625,0.35,155.0864570587,234.5353183868,-0.08554342624166625,-0.12008396700363136,-0.3174305642113049
23,A23,0.5213389397,0.2782234848,0.2769510448,5.317657085502417,2.8378794918930432,2.8249006041357423,0.35,35.8955484455,29.0577268226,0.1793788939425087,0.09966773537066444,0.2835305185232189
24,A24,0.7268441916,0.2515788376,0.2448546886,7.413810615685374,2.56610409553511,2.497517777017641,0.35,26.850188844,356.7576959816,0.1578276896202158,-0.008940838053851145,0.3122666837881359
25,A25,0.0282739289,0.5216017365,0.225295797,0.28839406938717216,5.320337612812293,2.298017086428206,0.35,119.8396953233,330.7146091443,0.2647957749097272,-0.1485076920999052,-0.17415126464403524
26,A26,0.2879066765,0.4960257709,0.2225958854,2.93664804538612,5.0594627685705245,2.2704779886231736,0.35,58.6290042124,198.5293015374,-0.28334381865962377,-0.09496667013413261,0.18220211851407508
27,A27,0.5150741339,0.5045982599,0.2613165379,5.253756067537335,5.14690215473545,2.66542863673779,0.35,139.6956624269,349.9558734596,0.22292681342841592,-0.03948506183808302,-0.2669167768168479
28,A28,0.7162413001,0.4734376967,0.2058668882,7.305661124407715,4.829064416038861,2.099842220373979,0.35,122.2635674099,176.3425802712,-0.2953577215890414,0.018879519918157398,-0.18683516806369774
29,A29,0.9815729838,0.7244096398,0.217168659,10.012044247539677,7.388978187789727,2.215120280378336,0.35,88.5646111067,180.6653335445,-0.34986658283574895,-0.004062924689291235,0.008767374624433319
30,A30,0.2729362249,0.7821980715,0.2762030065,2.7839494419215094,7.978420180107451,2.81727061361842,0.35,67.7757154653,122.5129034598,-0.1741458694031996,0.2732184562617725,0.13238161249863076
31,A31,0.5060744882,0.7366246581,0.2777330279,5.161959683113882,7.513571372119896,2.832876831606591,0.35,17.3881051045,160.0244091132,-0.09830232294569081,0.03573170031314968,0.3340058366199794
32,A32,0.7138005495,0.6923479438,0.2327754945,7.280765468753253,7.061948894705015,2.374309999501566,0.35,109.8163413861,72.1766699817,0.10078530003019105,0.31347086180508305,-0.1186521896005416
33,A33,0.9550581202,0.9626035541,0.5036779642,9.74159264387699,9.818556068217811,5.137515138770984,0.35,112.6443452642,148.3878845478,-0.2750885076593123,0.16931577367982634,-0.1347534108546952
34,A34,0.2438237816,0.0193513241,0.4629993737,2.487002525814271,0.1973835021290252,4.722593523429814,0.35,140.1575990289,2.0284841524,0.22409681117923383,0.007937178881908612,-0.26873336303982687
35,A35,0.5342671871,0.0115843574,0.5067338943,5.449525206516548,0.11816044327045759,5.168685625208111,0.35,48.9416503796,223.3420007078,-0.1919369585516905,-0.1811380681327129,0.2298895478595651
36,A36,0.7502297759,0.9902860168,0.5068132877,7.6523435710849235,10.100917182477795,5.169495437872968,0.35,55.4008180551,52.2082636719,0.17654603487210063,0.22766957206230157,0.1987411973595497
37,A37,0.9759542048,0.2949998975,0.4821253717,9.954732702811373,3.0089988982331946,4.917678699381818,0.35,120.213350625,210.140528798,-0.26156214067888217,-0.15186956157014248,-0.176127461890454
38,A38,0.2504725456,0.238833189,0.4770271778,2.554819917346119,2.4360984822461518,4.865677122574221,0.35,49.9556918779,308.2460781012,0.16586655546937484,-0.21043034749441727,0.22518293592122735
39,A39,0.5385085344,0.2785381079,0.5201781392,5.492786948167574,2.841088647453034,5.305816920623823,0.35,149.7744033851,28.9729943877,0.15414132935803992,0.08534698328120392,-0.3024174978874968
40,A40,0.771052897,0.298204869,0.5076311231,7.8647394023332255,3.041689606921894,5.177837358796978,0.35,84.0104496991,205.6575809694,-0.3137669683253013,-0.15071984361290872,0.03652147764329485
41,A41,0.9922746588,0.5097851157,0.4939725399,10.121201330498494,5.199808082906135,5.038519812762147,0.35,100.4685762853,58.4616824188,0.18002671212783575,0.2933363709377371,-0.06359368211952854
42,A42,0.2337691188,0.521204412,0.5215471387,2.384444967172047,5.316284902988077,5.319780715262707,0.35,72.2703830708,176.8011817576,-0.33285703960969687,0.018602710834917578,0.10658391216248876
43,A43,0.5109424591,0.4996123016,0.5016822219,5.21161298536539,5.096045381026447,5.117158567691641,0.35,30.2255966149,208.9729943877,-0.15414132935803987,-0.0853469832812039,0.3024174978874969
44,A44,0.7613580227,0.5228545666,0.5359902978,7.765851686322377,5.3331164795933335,5.46710093532789,0.35,101.2552380193,228.1613358455,-0.22897230332211677,-0.2557440498763736,-0.06831299484135825
45,A45,0.9752394911,0.7451002002,0.4718639255,9.947442623207696,7.600021899923314,4.8130119500990345,0.35,60.1603046767,150.7146091443,-0.26479577490972717,0.14850769209990541,0.17415126464403521
46,A46,0.271981895,0.7786411643,0.4790347815,2.774215277123533,7.942139727345877,4.886154679931301,0.35,124.5991819449,232.2082636719,-0.17654603487210072,-0.22766957206230157,-0.19874119735954968
47,A47,0.5121251345,0.7321280837,0.5217860937,5.223676274219812,7.46770631409755,5.322218056217129,0.35,35.3703484074,342.0483758356,0.19273754368733642,-0.06244436170238355,0.2853996162312661
48,A48,0.7701305747,0.7334903479,0.5401285887,7.855331715049145,7.481601408677719,5.509311501718574,0.35,79.7875113589,302.6535592159,0.18585344226861303,-0.29001328788954095,0.062054740708551354
49,A49,0.0150719322,0.9823547117,0.7136940956,0.153733705565255,10.020017871970573,7.2796796389935565,0.35,81.4305643056,137.7168019587,-0.2560491452317875,0.23284957663655392,0.05215275530831089
50,A50,0.2381584793,0.021434309,0.7045400143,2.4292164434348424,0.21862994771172706,7.186308011479561,0.35,153.149811156,176.7576959816,-0.1578276896202158,0.008940838053851265,-0.3122666837881358
51,A51,0.4817467928,0.0226138774,0.7329927683,4.913817194674025,0.2306615451667421,7.476526096852624,0.35,120.0460274175,175.7085773326,-0.30211879301601946,0.02267094297051236,-0.1752434399667256
52,A52,0.7832783461,0.0022949053,0.7323127985,7.989438980821405,0.02340803362228124,7.469590405022318,0.35,45.1587408181,327.6847084562,0.2097350033799358,-0.13266732448971943,0.24680074831725649
53,A53,0.0213635843,0.2516701818,0.7334499359,0.21790855578521673,2.567035806357688,7.481189206285426,0.35,144.1044515545,209.0577268226,-0.17937889394250872,-0.09966773537066444,-0.2835305185232189
54,A54,0.2153910249,0.2154939771,0.7141617537,2.196988412897393,2.1980385253177563,7.284449751524358,0.35,121.3709957876,18.5293015374,0.28334381865962377,0.09496667013413276,-0.18220211851407503
55,A55,0.4907670617,0.2202892601,0.7414287925,5.005823935733544,2.246950411003128,7.562573542083579,0.35,140.2613708116,258.2081384938,-0.045724930054263105,-0.21902831252953323,-0.26913905157371315
56,A56,0.7796046138,0.2773585916,0.7450057268,7.951966912062114,2.829057581418009,7.599058271261333,0.35,87.5222201134,263.3646126668,-0.04040491988200811,-0.3473305196513249,0.015131178674151986
57,A57,0.0081507144,0.5287883878,0.7906364799,0.08313728532537348,5.393641454701547,8.06449194417795,0.35,118.1193650568,14.4528795046,0.29891966734788894,0.077043662015512,-0.164958499677546
58,A58,0.2465457916,0.5163469315,0.7772021294,2.5147670272950884,5.266738602814568,7.927461571640352,0.35,69.5811531296,279.6602359618,0.055041555595670935,-0.3233574409346832,0.12210811827958644
59,A59,0.4723031521,0.4568421245,0.7203310132,4.817492061335258,4.659789582764217,7.347376197247664,0.35,125.0881736047,299.1719983447,0.13959785090302976,-0.2500678431910641,-0.2011927280619874
60,A60,0.7574062943,0.4928252697,0.8075669408,7.72554405739611,5.026817656940972,8.237182642128719,0.35,100.807345184,188.233243891,-0.34024876799572756,-0.04923213036631293,-0.06562753398524054
61,A61,0.0305822585,0.7265467644,0.8140873909,0.31193903086689295,7.4107768583021025,8.303691231905042,0.35,99.7216857787,32.0127309845,0.2925138064954395,0.18287329950159087,-0.05910185563034364
62,A62,0.2397587001,0.7390611172,0.7204988599,2.4455386952896245,7.538423254475178,7.3490882335556496,0.35,88.0389069336,342.16063151,0.332976552374654,-0.10715950694051976,0.011977296896794751
63,A63,0.4711754322,0.7353633046,0.7263699174,4.805989318570354,7.50070556666048,7.408973018935834,0.35,97.0356989469,225.4211008178,-0.2438119468366575,-0.24742238560840388,-0.04287070887640176
64,A64,0.7090227604,0.7096323371,0.7681430578,7.232032020844544,7.238249703068275,7.8350590430482345,0.35,67.3556547358,328.3878845478,0.2750885076593123,-0.16931577367982636,0.13475341085469522
65,A65,0.0977323428,0.1072451174,0.139471516,0.9968698779190216,1.0939001770246026,1.4226094365979003,0.35,92.4777798866,83.3646126668,0.04040491988200807,0.3473305196513249,-0.015131178674151943
66,A66,0.4031407833,0.1437559873,0.1587027609,4.112035912766943,1.4663110430407018,1.6187681309098287,0.35,65.7255455433,277.6255619228,0.04233819507271719,-0.3162337454600579,0.14388778777327782
67,A67,0.6145470142,0.0846376345,0.1235570461,6.268379427624375,0.8633038557566408,1.2602818466533467,0.35,137.2950344844,107.664818084,-0.07203193997043399,0.22618531738151357,-0.25719953698465275
68,A68,0.8614501357,0.1203158051,0.1412041783,8.786791219831308,1.227221189071565,1.4402825917274211,0.35,114.0794191176,132.0243956781,-0.2139172773613951,0.23737587182782563,-0.14280088907379973
69,A69,0.1268839091,0.4097912312,0.1023125127,1.2942158486187976,4.17987048007847,1.0435876100254229,0.35,162.6118948955,340.0244091132,0.09830232294569087,-0.03573170031314962,-0.33400583661997935
70,A70,0.3918012977,0.3531450927,0.1175898314,3.9963731618097795,3.6020798781828707,1.1994162578515035,0.35,95.9895503009,25.6575809694,0.3137669683253013,0.1507198436129088,-0.03652147764329489
71,A71,0.5895792842,0.3586644232,0.0971825048,6.013708586386596,3.6583770482301414,0.991261530423895,0.35,61.1526169436,227.6469120868,-0.20653396561781806,-0.22655580247227888,0.16886737225503234
72,A72,0.8987351656,0.370246768,0.1101031005,9.167098517699747,3.776516962980983,1.1230516040994851,0.35,102.3584497931,200.3267046664,-0.3205992577300518,-0.118763168753965,-0.07490944994095898
73,A73,0.1736734807,0.6192870736,0.1261648983,1.7714694700143885,6.31672803260028,1.286881938595938,0.35,50.4252630082,147.1226163204,-0.22656877385190047,0.14644708283973687,0.2229794668640537
74,A74,0.3916597962,0.6283859015,0.1165436208,3.994929846536769,6.409536075444815,1.1887449099310525,0.35,18.0405635926,300.4433289561,0.054920484248707706,-0.093447715269575,0.3327931263124043
75,A75,0.5899645686,0.6220338345,0.1052225232,6.017638487193108,6.344744993256377,1.073269716570382,0.35,161.9594364074,120.4433289561,-0.054920484248707706,0.09344771526957496,-0.3327931263124043
76,A76,0.8455609679,0.6446162462,0.0939340442,8.624721711301929,6.57508558828912,0.95812723292349,0.35,70.1836586139,252.1766699817,-0.10078530003019111,-0.3134708618050831,0.11865218960054155
77,A77,0.1225984767,0.8704891801,0.1511743367,1.2505044389561795,8.878989470987246,1.541978205505763,0.35,130.4214471392,202.5063896178,-0.24615954062852297,-0.10199478336492745,-0.22694172098557833
78,A78,0.4108884633,0.8779550791,0.1729462892,4.191062247289189,8.955141639363239,1.7640521168530894,0.35,80.2783142213,212.0127309845,-0.29251380649543957,-0.18287329950159076,0.0591018556303436
79,A79,0.6235095859,0.8768956065,0.1753119677,6.3597976572549,8.944335019045317,1.7881820371018717,0.35,68.4464689718,84.1740798774,0.03304297635110771,0.3238447814678478,0.12857962214092095
80,A80,0.7898771167,0.8602915406,0.0878954381,8.056746439682788,8.774973550032293,0.8965334518552636,0.35,131.0583496204,43.3420007078,0.1919369585516905,0.18113806813271294,-0.22988954785956517
81,A81,0.099857673,0.1022530124,0.3621942103,1.0185482455536468,1.0429807069767716,3.6943808759768872,0.35,69.6491754684,165.0664493427,-0.3170700209369348,0.08456465177577338,0.12171861604986259
82,A82,0.3859219253,0.1352766007,0.3677811921,3.9364035644511817,1.3798213013380176,3.751368089271254,0.35,84.2306359132,296.0287842449,0.1528099355434544,-0.3129077244515907,0.03518351286799942
83,A83,0.6714834571,0.1471372992,0.3939123452,6.849131134344603,1.500800423775767,4.017905845907129,0.35,54.9118263953,119.1719983447,-0.1395978509030298,0.2500678431910641,0.20119272806198737
84,A84,0.8853520751,0.1407938898,0.3715337813,9.030590997152371,1.4360976491056774,3.789644498395504,0.35,161.3236621839,106.7158666801,-0.03223641103955501,0.10734154600192618,-0.3315699116403737
85,A85,0.1627626121,0.3855349123,0.366525203,1.6601786123754734,3.9324560319249984,3.7385570006908155,0.35,143.0499003296,297.0836970788,0.09578958719542456,-0.18732068014640632,-0.27970577000558616
86,A86,0.3820361793,0.3720808327,0.399766922,3.8967689559923295,3.795224422571162,4.077622528150457,0.35,138.6786880808,66.0751609413,0.09371914856235451,0.21124199170778382,-0.2628565048312024
87,A87,0.6486548781,0.4228442907,0.3839661479,6.616279632898812,4.313011684488794,3.9164546353442167,0.35,24.9135429413,54.5353183868,0.08554342624166632,0.12008396700363143,0.3174305642113049
88,A88,0.8658106923,0.4030681849,0.3254646957,8.831268896319598,4.11129540910079,3.319739834062491,0.35,13.518670989,54.4337751892,0.04758820065540784,0.06655334728560604,0.3403028285563641
89,A89,0.1659512818,0.6305714846,0.3614698648,1.6927030427072822,6.431829022647948,3.6869925520150453,0.35,76.7082460517,108.2251578117,-0.10653089956528992,0.323536715534512,0.0804683859596448
90,A90,0.3843318522,0.6033422351,0.3864808381,3.920184819134464,6.1540906829415185,3.9421044749045775,0.35,40.3043375731,169.9558734596,-0.2229268134284158,0.03948506183808297,0.266916776816848
91,A91,0.642960906,0.6285327077,0.3783757687,6.558201118564852,6.411033498656814,3.859432768570498,0.35,96.6638354167,321.6737379116,0.27271728750922564,-0.2155821771643447,-0.04061534171580306
92,A92,0.8467099071,0.6056374907,0.3539491594,8.636440890922787,6.177502289623733,3.610281358369507,0.35,43.2167024999,83.2191253859,0.0282979486032565,0.23798938503006548,0.2550691645767059
93,A93,0.1089962125,0.8895661831,0.3715313077,1.1117613467106073,9.073574897948594,3.7896192676759757,0.35,102.3007577988,157.4020741468,-0.3157103065956536,0.13140410767073502,-0.07456515806015772
94,A94,0.4042166173,0.9040724039,0.3939044476,4.123009419361744,9.22153834734175,4.017825290388635,0.35,114.2744544567,97.6255619228,-0.0423381950727173,0.3162337454600579,-0.1438877877732778
95,A95,0.6247231364,0.8558790088,0.3790302873,6.3721758721234325,8.729965726513917,3.866108858165658,0.35,148.8402240066,306.3922915418,0.10744809336522143,-0.1457801067079139,-0.2995047040038067
96,A96,0.8231424093,0.8171524405,0.3731606901,8.396052417857932,8.33495473724043,3.806238967845196,0.35,78.7447619807,48.1613358455,0.22897230332211677,0.25574404987637367,0.06831299484135821
97,A97,0.0923161507,0.1364368945,0.5413420796,0.941624719532079,1.3916562978767089,5.521689108667118,0.35,39.8424009711,182.0284841524,-0.22409681117923377,-0.0079371788819086,0.2687333630398269
98,A98,0.3819581866,0.1218103543,0.5935646296,3.8959734304672056,1.242465590626502,6.054359108706451,0.35,91.9610930664,162.16063151,-0.3329765523746541,0.1071595069405196,-0.01197729689679471
99,A99,0.6715094447,0.1652357429,0.6294054985,6.8493962078596455,1.6854045460637608,6.419935964650342,0.35,107.7296169292,356.8011817576,0.33285703960969687,-0.01860271083491777,-0.10658391216248872
100,B01,0.8870853186,0.1440584809,0.6033232212,9.048270080521782,1.4693964777030057,6.153896741165146,0.35,65.9205808824,312.0243956781,0.21391727736139493,-0.23737587182782574,0.14280088907379979
101,B02,0.1272428185,0.3841181695,0.6460145712,1.2978767244303409,3.918005255635221,6.5893485030224115,0.35,61.8806349432,194.4528795046,-0.298919667347889,-0.07704366201551188,0.16495849967754597
102,B03,0.3464415967,0.3579080105,0.6158956885,3.533704220261462,3.6506616388344155,6.282135905227135,0.35,59.786649375,30.140528798,0.26156214067888217,0.15186956157014259,0.17612746189045395
103,B04,0.6250237226,0.3846004605,0.6645565033,6.375241851306101,3.9229246237432314,6.7784762069058155,0.35,129.5747369918,327.1226163204,0.22656877385190058,-0.1464470828397367,-0.2229794668640537
104,B05,0.91096735,0.4138017297,0.6638416648,9.291866796246643,4.220777564013527,6.7711848543421596,0.35,120.1326173162,239.0756178907,-0.15556100682615212,-0.25967266589370197,-0.1757011091111597
105,B06,0.0902050287,0.6606740952,0.6328656077,0.9200912755347438,6.738875645026326,6.455229077830379,0.35,59.8452866249,249.6375137644,-0.10530444358857151,-0.2837235691748141,0.17581783315467694
106,B07,0.3756443262,0.5869928002,0.6287714243,3.8315720555914794,5.987326450079928,6.4134684079312825,0.35,18.6763378161,286.7158666801,0.03223641103955502,-0.10734154600192626,0.33156991164037364
107,B08,0.6109554768,0.5988461971,0.6642588973,6.231745746829406,6.10823109619907,6.775440625762579,0.35,31.1597759934,126.3922915418,-0.10744809336522158,0.1457801067079138,0.2995047040038067
108,B09,0.8913974166,0.620613277,0.6698240638,9.092253479299314,6.330255307027326,6.832205323001108,0.35,49.5785528608,22.5063896178,0.24615954062852297,0.10199478336492739,0.22694172098557827
109,B10,0.1231689602,0.8706319928,0.5979939699,1.2563233705473684,8.880446160500007,6.09953837892162,0.35,98.5694356944,317.7168019587,0.2560491452317874,-0.2328495766365541,-0.05215275530831085
110,B11,0.3815026879,0.8974086642,0.5910253525,3.891327343814085,9.153568203672759,6.0284584827707794,0.35,134.8412591819,147.6847084562,-0.20973500337993597,0.13266732448971935,-0.24680074831725646
111,B12,0.6189496517,0.8743979931,0.6481558681,6.313286329284638,8.9188593628417,6.611189730993991,0.35,118.8473830564,47.6469120868,0.20653396561781803,0.2265558024722789,-0.16886737225503237
112,B13,0.8708280921,0.8573532104,0.66590029,8.882446373322605,8.745002582552736,6.792182830989508,0.35,96.0374180617,249.5754612989,-0.12146323914290738,-0.32617715717817514,-0.036812276105626755
113,B14,0.1240541786,0.1176577806,0.9089705944,1.2653525980585263,1.2001093396785432,9.271499889507494,0.35,26.0496912861,235.7641901559,-0.08647315165280879,-0.127070471444128,0.31444473175774046
114,B15,0.3614632785,0.0964346081,0.8657813072,3.6869253717563013,0.983632984226545,8.830969168305202,0.35,111.5535310282,264.1740798774,-0.033042976351107756,-0.32384478146784784,-0.12857962214092092
115,B16,0.6705929041,0.1316647381,0.8547117114,6.840047493914463,1.3429803035069263,8.718059293256562,0.35,153.9503087139,55.7641901559,0.08647315165280879,0.12707047144412795,-0.3144447317577405
116,B17,0.9072879553,0.1307213902,0.8270159364,9.254336971008431,1.3333581551068556,8.435562393539115,0.35,7.3822892935,150.7369348362,-0.039232153823811025,0.02198281520348517,0.3470988244608072
117,B18,0.1268728971,0.3773631155,0.91133219,1.294103526220898,3.849103706123646,9.295588164177055,0.35,166.481329011,234.4337751892,-0.04758820065540777,-0.06655334728560594,-0.3403028285563641
118,B19,0.3230912983,0.3238578737,0.8382498622,3.295531181035181,3.3033502499689686,8.550148434556412,0.35,79.192654816,8.233243891,0.34024876799572756,0.04923213036631298,0.06562753398524059
119,B20,0.6295029521,0.3408098221,0.88380301,6.420929991351754,3.4762601204156387,9.014790533427833,0.35,110.3508245316,345.0664493427,0.31707002093693487,-0.0845646517757733,-0.12171861604986263
120,B21,0.9043757319,0.3500743508,0.8913260698,9.224632292883895,3.5707583113885684,9.091525741952921,0.35,62.6767545934,96.6211606327,-0.03585388561618745,0.3088769135182471,0.16065351282079893
121,B22,0.1516001076,0.6381720901,0.9124012589,1.5463210686045534,6.509355197298246,9.306492666753146,0.35,155.0864570587,234.5353183868,-0.08554342624166625,-0.12008396700363136,-0.3174305642113049
122,B23,0.3624468148,0.6710075736,0.8831785321,3.696957441828707,6.84427712273537,9.008420858966943,0.35,35.8955484455,29.0577268226,0.1793788939425087,0.09966773537066444,0.2835305185232189
123,B24,0.565325439,0.597456336,0.8662217855,5.766319369972652,6.094054513244166,8.835462046881187,0.35,26.850188844,356.7576959816,0.1578276896202158,-0.008940838053851145,0.3122666837881359
124,B25,0.8579140306,0.6396192312,0.8886686563,8.750722948485768,6.5241160362422255,9.064420124759785,0.35,119.8396953233,330.7146091443,0.2647957749097272,-0.1485076920999052,-0.17415126464403524
125,B26,0.151783511,0.8802846074,0.8613269329,1.5481917832495722,8.978902827578915,8.785534551294807,0.35,58.6290042124,198.5293015374,-0.28334381865962377,-0.09496667013413261,0.18220211851407508
126,B27,0.362844348,0.8912044168,0.862613976,3.701012280392883,9.090284881376125,8.798662390669323,0.35,139.6956624269,349.9558734596,0.22292681342841592,-0.03948506183808302,-0.2669167768168479
127,B28,0.6250028014,0.9245337248,0.8862227201,6.37502845507009,9.43024381661906,9.03947157598631,0.35,122.2635674099,176.3425802712,-0.2953577215890414,0.018879519918157398,-0.18683516806369774
128,B29,0.8660411239,0.8477829099,0.8596791625,8.833619298595647,8.647385519278128,8.768727293529095,0.35,88.5646111067,180.6653335445,-0.34986658283574895,-0.004062924689291235,0.008767374624433319
